id,cn,title,vol,pub,extent,memo
MCJB00022,22,上海ニ於ケル匯画制度 ／ 中支那振興株式会社調査課[編]．,,[出版地上明] ： 中支那振興株式会社調査課，1940．,44p ； 26cm．,（振興調査資料 ； 第22号）
MCJB00068-HTML,68,上海華商銀行の構成と戦後の動向 ／ 中支経済研究所[編]．,,上海 ： 中支経済研究所，1939．　,60，[36]p ： 図版，表 ； 26cm．,（中支経済資料 ； 第81号）
MCJB00093,93,維新学院一覧 ／ 維新学院[編]．,昭和15年版．,上海 ： 維新学院，1940．,24p ： 図版 ； 22cm．,
MCJB00096-HTML,96,支那蚕糸業と華中蚕糸股份有限公司 ／ 華中蚕糸股份有限公司[編]．,,上海 ： 華中蚕糸股份有限公司，1939．,92p ： 表 ； 22cm．,
MCJB00166,166,満洲支那の結社と匪徒 ／ 満洲事情案内所[編]．,,新京 ： 満洲事情案内所，1941．,228p ； 19cm．,（満洲事情案内所報告 ； 第104号）
MCJB00174(2),174,北支那開発株式会社及関係会社概要 ／ 北支那開発株式会社[編]．,昭和15年，18年度，19年上半期．,[北京] ： 北支那開発，[1941]-44．,3冊 ； 21cm．,
MCJB00174(3),174,北支那開発株式会社及関係会社概要 ／ 北支那開発株式会社[編]．,昭和15年，18年度，19年上半期．,[北京] ： 北支那開発，[1941]-44．,3冊 ； 21cm．,
MCJB00225,225,一九三八年一月一日現在北支鉄道外国借款調書 ： 長期借款及鉄道前渡金 ／ [南満洲鉄道株式会社]北支事務局調査部[編]．,,[出版地上明] ： 満鉄北支事務局調査部，1939．,30p ； 25cm．,
MCJB00343-HTML,343,北支棉作経営調査 ／ 興亜院華北連絡部[編]．,,[出版地上明] ： 興亜院華北連絡部，1941．,165p ； 25cm．,（調査所調査資料 ； 第136号． 経済 ； 第25号）
MCJB00366,366,開拓団編成関係法規及通牒集 ／ 大東亜省満洲事務局[編]．,,[東京] ： 大東亜省満洲事務局，1943．,186，53p ； 21cm．,
MCJB00367,367,満洲産業事情 ： 昭和16年版 ／ 南満洲鉄道株式会社総裁室弘報課[著]．,昭和16年版．,大連 ： 満鉄総裁室弘報課，1942．,86p ； 21cm．,
MCJB00369,369,開拓農業実験場営農成績概要 ／ [満州国興農部]開拓総局[編]．,,[出版地上明] ： 開拓総局，1941．,97p ： 表 ； 22cm．,（開拓総局資料 ； 第9号）（営農資料 ； 第3号）
MCJB00443,443,支那司法制度概況 ／ 興亜院政務部[編]．,,[出版地上明] ： 興亜院政務部，1940．,121p ； 21cm．,
MCJB00446,446,満蒙ニ於ケル本邦農業移住民ノ状況及農業移住民発展ニ対スル消極論ノ概要 ／ 拓務省[編]．,,[出版地上明] ： 拓務省，[出版年上明]．,12p ； 27cm．,
MCJB00463,463,中華民国教科書ニ現ハレタル排外記事 ／ 祖国社編．,,東京 ： 祖国社，1929．,91，175p ； 19cm．,
MCJB00466,466,在満教務部学事関係法規類集 ／ [関東局]在満教務部教務課[編]．,,新京 ： 在満教務部，1943．,310p ； 21cm．,
MCJB00509,509,北支近情 ／ 大阪府立貿易館企画課調査係[編]．,,[大阪] ： 大阪府立貿易館，1940．,40p ； 22cm．,
MCJB00513,513,満洲開拓第二期五ヶ年計画実行方策案 ／ [満洲国興農部]開拓総局[編]．,,[出版地上明] ： 開拓総局，[出版年上明]．,50p ； 26cm．,
MCJB00532,532,朝鮮人農業移民入椊概況． 康徳4年度 ／ 間島省公署[編]．,,[出版地上明] ： 間島省公署，[出版年上明]．,42p ； 22cm．,
MCJB00546-HTML,546,興亜文庫目録 ／ 興亜経済研究所[編]．,,京都 ： 興亜経済研究所，1941．,1冊 ； 22cm．,
MCJB00606,606,満蒙実業調査資料 ／ 満蒙実業調査会[編]．,上，下巻．,[出版地上明] ： 満蒙実業調査会，[出版年上明]．,2冊 ； 23cm．,
MCJB00654,654,満鉄ノ使命ニ鑑ミテ吾人ノ衷情ヲ披瀝ス ／ 満鉄社員幹部一同[編]．,,大連 ： 満鉄社員幹部一同，1924．,8p ； 22cm．,
MCJB00667,667,支那に於ける今次の排日運動 ／ 青島居留民団，青島日本商業会議所[編]．,,[青島] ： 青島居留民団・青島日本商業会議所，1927．,6p ； 23cm．,
MCJB00668,668,支那の治外法権撤廃問題 ／ 青島居留民団，青島日本商業会議所[編]．,,[青島] ： 青島居留民団・青島日本商業会議所，1927．,7p ； 22cm．,
MCJB00669,669,青島に於ける邦人所有の土地 ／ 青島居留民団，青島日本商業会議所[編]．,,[青島] ： 青島居留民団・青島日本商業会議所，1927．,10p ； 23cm．,
MCJB00670,670,山東に於ける在留邦人の消長 ／ 青島居留民団，青島日本商業会議所[編]．,,[青島] ： 青島居留民団・青島日本商業会議所，1927．,20p ； 22cm．,
MCJB00671,671,山東に於ける邦人の企業 ／ 青島居留民団，青島日本商業会議所[編]．,,[青島] ： 青島居留民団・青島日本商業会議所，1927．,13p ； 22cm．,
MCJB00672,672,山東に於ける上当課税問題 ／ 青島居留民団，青島日本商業会議所[編]．,,[青島] ： 青島居留民団・青島日本商業会議所，1927．,10p ； 22cm．,
MCJB00673,673,山東出兵に就て ／ 青島居留民団，青島日本商業会議所[編]．,,[青島] ： 青島居留民団・青島日本商業会議所，1927．,8p ； 22cm．,
MCJB00679,679,青島ノ商況 ／ 青島守備軍民政部[編]．,,[青島] ： 青島守備軍民政部，[1921]．,34p ： 表 ； 23cm．,
MCJB00715,715,先帝の宏謨を蹂躙したる現内閣の外交を糺弾す ／ 東亜同志会[編]．,,東京 ： 東亜同志会，1926．,15p ； 22cm．,
MCJB00751,751,中華民国及満洲国貿易統計表 ／ 東京商工会議所編．,昭和10-12年度．,東京 ： 東京商工会議所，1936-38．,3（1）冊 ； 23cm．,
MCJB00756,756,支那関税改正ニ関スル各地商工会議所希望意見 ／ 日本商工会議所[編]．,,[出版地上明] ： 日本商工会議所，1938．,154p ； 21cm．,（貿易対策資料 ； 9）
MCJB00843,843,三江省開拓地視察の手引 ／ 満洲拓殖公社佳木斯地方事務所．,,[出版地上明] ： 満洲拓殖公社佳木斯地方事務所，[出版年上明]．,28p ： 地図 ； 22cm．,
MCJB00844,844,昭和二年六月海外移民統計資料．,,[出版地上明 ： 出版者上明，出版年上明]．,30p ； 22cm．,
MCJB00960(1),960(1),中華民国刑法 ： 昭和三年三月十日国民政府公布，同年九月一日実施 ／ 外務省条約局第二課仮訳．,,[東京] ： 外務省条約局第二課，1929．,104p ； 22cm．,（支那国治外法権撤廃問題調査資料 ； 第1輯）
MCJB01003(1)-HTML,1003(1),満蒙年鑑 ／ 満蒙文化協会[編]．,大正12年版．,大連 ： 満蒙文化協会，1923．,1冊 ； 20cm．,
MCJB01003(2)-HTML,1003(2-7),満蒙年鑑 ／ 中日文化協会[編]．,大正14，16年版，昭和4-7年版．,大連 ： 中日文化協会，1925-31．,6冊 ； 19cm．,
MCJB01003(3)-HTML,1003(2-7),満蒙年鑑 ／ 中日文化協会[編]．,大正14，16年版，昭和4-7年版．,大連 ： 中日文化協会，1925-31．,6冊 ； 19cm．,
MCJB01003(4)-HTML,1003(2-7),満蒙年鑑 ／ 中日文化協会[編]．,大正14，16年版，昭和4-7年版．,大連 ： 中日文化協会，1925-31．,6冊 ； 19cm．,
MCJB01003(5)-HTML,1003(2-7),満蒙年鑑 ／ 中日文化協会[編]．,大正14，16年版，昭和4-7年版．,大連 ： 中日文化協会，1925-31．,6冊 ； 19cm．,
MCJB01003(6)-HTML,1003(2-7),満蒙年鑑 ／ 中日文化協会[編]．,大正14，16年版，昭和4-7年版．,大連 ： 中日文化協会，1925-31．,6冊 ； 19cm．,
MCJB01003(7)-HTML,1003(2-7),満蒙年鑑 ／ 中日文化協会[編]．,大正14，16年版，昭和4-7年版．,大連 ： 中日文化協会，1925-31．,6冊 ； 19cm．,
MCJB01003(8)-HTML,1003(8),満洲年鑑 ／ 満洲文化協会[編]．,昭和8年版．,大連 ： 満洲文化協会，1933．　,22，636p ； 19cm．,
MCJB01006,1006,中支那の経済と其の建設 ／ [中支那振興株式会社設立準備事務所編]．,,[上海] ： [中支那振興株式会社設立準備事務所]，1938．,49p ； 27cm．,
MCJB01040,1040,旧紙幣見本帖 ／ 満洲中央銀行[編]．,,[新京] ： 満洲中央銀行，[出版年上明]．,1冊 ； 19×27cm．,
MCJB01153,1153,武漢方面諸省の匪禍 ： 共匪，土匪，会匪の状況，天災人禍の概況 ／ 漢口日本商工会議所[編]．,,[漢口] ： 漢口日本商工会議所，1930．,35p ： 地図 ； 27cm．,
MCJB01177,1177,亜細亜復興史論 ／ [亜細亜復興史研究会編]．,,[出版地上明 ： 亜細亜復興史研究会，1943序言]．,1（[6]）冊 ； 21cm．,
MCJB01195,1195,桑港震災ト銀行 ／ 横浜正金銀行総務部行報係[編]．,,[横浜] ： 横浜正金銀行総務部行報係，1909．,30p ； 27cm．,
MCJB01197,1197,公主嶺ニ於ケル大豆取引並ニ金融ノ状況 ／ 横浜正金銀行[編]．,,[横浜] ： 横浜正金銀行，1910．,31p ； 27cm．,
MCJB01220,1220,日満支産業建設五ヶ年計画化学肥料生産計画説明書 ／ 興亜院華北連絡部[編]．,,[出版地上明] ： 興亜院華北連絡部，1941．,1冊 ； 27cm．,
MCJB01222,1222,北支那粟，高梁，玉蜀黍改良増産計画 ／ 興亜院華北連絡部経済第二局[編]．,,[出版地上明] ： 興亜院華北連絡部経済第二局，1940．,26p ； 27cm．,
MCJB01223,1223,農地開発株式会社設立要綱 ／ 興亜院華北連絡部経済第二局[編]．,,[出版地上明] ： 興亜院華北連絡部経済第二局，[出版年上明]．,1冊 ； 27cm．,
MCJB01224,1224,山東省東半地区皮革ニ関スル報告書 ／ 興亜院青島出張所[編]．,,[青島] ： 興亜院青島出張所，1941．,1冊 ； 27cm．,（興青資料 ； 第64号）
MCJB01243,1243,康徳八年農村戸別概況調査報告書 ： 土地所有関係，経営地及宅地関係篇 ／ 興農合作社中央会調査課[編]．,,新京 ： 興農合作社中央会，1943．,761p ； 26cm．,
MCJB01245(2),1245,支那通商報告 ／ 上海商務官事務所編．,第1-9号．,上海 ： 内山完造，1924-26．,9冊 ； 27cm．,
MCJB01245(4),1245,支那通商報告 ／ 上海商務官事務所編．,第1-9号．,上海 ： 内山完造，1924-26．,9冊 ； 27cm．,
MCJB01245(5),1245,支那通商報告 ／ 上海商務官事務所編．,第1-9号．,上海 ： 内山完造，1924-26．,9冊 ； 27cm．,
MCJB01245(6),1245,支那通商報告 ／ 上海商務官事務所編．,第1-9号．,上海 ： 内山完造，1924-26．,9冊 ； 27cm．,
MCJB01245(7),1245,支那通商報告 ／ 上海商務官事務所編．,第1-9号．,上海 ： 内山完造，1924-26．,9冊 ； 27cm．,
MCJB01245(9),1245,支那通商報告 ／ 上海商務官事務所編．,第1-9号．,上海 ： 内山完造，1924-26．,9冊 ； 27cm．,
MCJB01249,1249,青岡県粮米交易市場及共同農業倉庫設立標準 ／ 浜江省青岡県公署[編]．,,[出版地上明] ： 浜江省青岡県公署，1936．,1冊 ； 27cm．,
MCJB01290,1290,東京農業大学図書館所蔵東亜関係資料並図書目録 ： 昭和十六年五月現在 ／ 東京農業大学農業経済学教室[編]．,,東京 ： 東京農業大学農業経済学教室，1941．,262p ； 21cm．,
MCJB01291,1291,蒙疆経済事情 ／ 大阪府立貿易館[編]．,,[大阪] ： 大阪府立貿易館，1940．,26p ； 22cm．,
MCJB01295(1),1295(1),家畜交易市場法及関係命令．,,[出版地上明] ： 満洲行政学会，[出版年上明]．,39p ； 23cm．,
MCJB01295(2),1295(2),暫行国有畜種貸与規則 ： 部令 ／ 実業部農務司[編]．,,[出版地上明] ： 実業部農務司，1935．,1枚 ； 34×55cm（折りたたみ17cm）．,
MCJB01295(3),1295(3),綿羊改良増殖計画要綱案 ／ 実業部[編]．,,[出版地上明] ： 実業部，[出版年上明]．,[4]p ； 27cm．,
MCJB01295(4),1295(4),家畜（除馬類）伝染病取扱ニ関スル件 ／ 実業部[編]．,,[出版地上明] ： 実業部，[1936]．,[7]p ； 27cm．,（実業部訓令 ； 第191号）
MCJB01295(5),1295(5),大同二年及康徳元年家畜（除馬類）防疫実施概況 ／ 実業部農務司畜産科[編]．,,[出版地上明] ： 実業部農務司畜産科，[出版年上明]．,[20]p ； 27cm．,
MCJB01295(6),1295(6),康徳二年家畜（除馬類）防疫実施概況 ／ 実業部農務司畜産科[編]．,,[出版地上明] ： 実業部農務司畜産科，[出版年上明]．,30p ； 27cm．,
MCJB01295(7),1295(7),自大同二年至康徳二年三箇年間防疫実施概況表 ／ 実業部農務司畜産科[編]．,,[出版地上明] ： 実業部農務司畜産科，[出版年上明]．,[11]p ； 27cm．,
MCJB01295(8),1295(8),康徳元年度及康徳二年度綿羊改良施設概要 ／ 農務司畜産科[編]．,,[出版地上明] ： 農務司畜産科，[出版年上明]．,[27]p ； 27cm．,
MCJB01295(9),1295(9),康徳元年度及二年度養豚改良施設概要 ／ 実業部農務司畜産科[編]．,,[出版地上明] ： 実業部農務司畜産科，[出版年上明]．,50p ； 27cm．,
MCJB01295(10),1295(10),満洲国畜産物輸出入統計表 ／ 実業部農務司畜産科[編]．,,[出版地上明] ： 実業部農務司畜産科，[出版年上明]．,[5]p ； 26×37cm．,
MCJB01295(11),1295(11),養豚奨励規則 ： 康徳三年三月二十日公佈 ／ 実業部農務司[編]．,,[出版地上明] ： 実業部農務司， [出版年上明] ．,1枚 ； 34×45cm（折りたたみ17cm）．,（実業部令 ； 第5号）
MCJB01323,1323,本邦農事関係組合事例 ／ 実業部農務司[編]．,,[新京] ： 実業部農務司，1937．,1冊 ； 26cm．,
MCJB01325,1325,満洲農産物収穫高予想調査 ： 県別統計 ／ 実業部農務司農産科[編]．,康徳3年度第3回．,[新京] ： 実業部農務司農産科，[出版年上明]．,64p ； 25cm．,
MCJB01327,1327,農村実態調査綜合調査項目 ： 康徳三年度実施 ／ [満洲国実業部臨時産業調査局編]．,,[新京 ： 満洲国実業部臨時産業調査局，出版年上明]．,273p ； 26cm．,
MCJB01328,1328,[農村実態調査本調査実施要綱] ／ [満洲国実業部臨時産業調査局編]．,,[新京 ： 満洲国実業部臨時産業調査局，出版年上明]．,1冊 ； 27cm．,
MCJB01331,1331,卸売物価調査要綱解説 ／ 臨時産業調査局第一科第三班[編]．,,[新京] ： 臨時産業調査局第一科第三班，1936．,1冊 ； 27cm．,
MCJB01332,1332,輸入品調査 ： 海産物 ／ 臨時産業調査局第五班[編]．,,[新京] ： 臨時産業調査局第五班，1935．,1冊 ； 25cm．,
MCJB01336,1336,営口ニ於ケル船粮業 ／ 実業部臨時産業調査局第一課第三班[編]．,,[新京] ： 実業部臨時産業調査局第一課第三班，1936．,29p ； 27cm．,
MCJB01337,1337,商人 ／ 臨時産業調査局[編]．,,[新京] ： 臨時産業調査局，1937．,106p ； 27cm．,
MCJB01341,1341,酒精工業関税調査報告 ： 康徳二年末 ／ 臨時産業調査局[編]．,,[新京] ： 臨時産業調査局，[出版年上明]．,47p ； 27cm．,
MCJB01360,1360,農事合作社関係資料 ／ 産業部大臣官房資料科[編]．,,[新京] ： 実業部大臣官房資料科，1937．,104p ； 22cm．,（産業部資料 ； 17）
MCJB01361(1),1361,満洲国工場統計 ／ 経済部工務司[編]．,康徳元年，5年A，６年A，7年A．,新京 ： 経済部工務司，1936-42．,4冊 ； 25cm．,（産調資料 ； 31）
MCJB01361(2),1361,満洲国工場統計 ／ 経済部工務司[編]．,康徳元年，5年A，６年A，7年A．,新京 ： 経済部工務司，1936-42．,4冊 ； 25cm．,（産調資料 ； 31）
MCJB01361(3),1361,満洲国工場統計 ／ 経済部工務司[編]．,康徳元年，5年A，６年A，7年A．,新京 ： 経済部工務司，1936-42．,4冊 ； 25cm．,（産調資料 ； 31）
MCJB01361(4),1361,満洲国工場統計 ／ 経済部工務司[編]．,康徳元年，5年A，６年A，7年A．,新京 ： 経済部工務司，1936-42．,4冊 ； 25cm．,（産調資料 ； 31）
MCJB01367,1367,農産物収穫高調査資料 ／ 国務院実業部臨時産業調査局[編]．,康徳3年度．,[新京] ： 国務院実業部臨時産業調査局，1937．,165p，[1]枚 ： 地図 ； 30cm．,（産調資料 ； 49）
MCJB01370,1370,中国ノ各省ニ於テ見ラレル各種金融形態 ／ 中国実業部編 ； 臨時産業調査局調査部一班[訳]．,,[新京 ： 臨時産業調査局調査部一班，出版年上明]．,1冊 ； 27cm．,
MCJB01373,1373,実態調査中ノ農家経済経営調査集計案 ／ 調査部第一科[編]．,,[新京] ： 調査部第一科，1936．,17p ； 27cm．,
MCJB01375,1375,蒙政部管内各旗別家畜飼養戸数並頭数 ／ 蒙政部勧業司畜産科[編]．,康徳3年．,[新京] ： 蒙政部勧業司畜産科，1936．,17p ； 26cm．,
MCJB01381,1381,農業保険及家畜保険資料 ／ 農商省農政局[編]．,,[出版地上明] ： 農商省農政局，1945．,1冊 ； 27cm．,
MCJB01383,1383,日満支及南方諸地域ニ於ケル小麦ノ生産及輸出入一覧表 ／ 農林大臣官房南方資源調査室[編]．,,[出版地上明] ： 農林大臣官房南方資源調査室，[出版年上明]． ,1冊 ； 27cm．,
MCJB01384,1384,日満支及南方諸地域ニ於ケル米ノ生産及輸出入一覧表 ／ 農林大臣官房南方資源調査室[編]．,,[出版地上明] ： 農林大臣官房南方資源調査室，[出版年上明]． ,1冊 ； 27cm．,
MCJB01387-HTML,1387,国家総動員研究資料 ／ 関東軍司令部[編]．,,[出版地上明] ： 関東軍司令部，1937．,447p ； 27cm．,
MCJB01390,1390,北支経済ノ現状ト列国権益ノ概要 ／ 東亜産業協会[編]．,,[出版地上明] ： 東亜産業協会，1935．,239p ； 26cm．,（産協経報 ； 第8号）
MCJB01392,1392,満洲炭ノ概要 ／ 日満商事株式会社[編]．,,[新京] ： 日満商事，1937．,18p ； 31cm．,
MCJB01399,1399,北満砂金地写真集 ／ 満洲採金株式会社[編]．,,[出版地上明] ： 満洲採金，[1933]．,1冊 ； 23cm．,
MCJB01424,1424,支那傭聘外国人人吊録 ／ 外務省亜細亜局[編]．,,[東京] ： 外務省亜細亜局，1925．,13，196p ； 23cm．,（支那関税特別会議参考資料 ； 第16輯別冊）
MCJB01427(1),1427,康徳三年度農村実態調査報告書 ： 戸別調査之部 ／ 国務院実業部臨時産業調査局[編]．,第1-4分冊，正誤表．,新京 ： 国務院実業部臨時産業調査局，1936．,5冊 ； 27-31cm． ,（産調資料 ； 36）
MCJB01427(2),1427,康徳三年度農村実態調査報告書 ： 戸別調査之部 ／ 国務院実業部臨時産業調査局[編]．,第1-4分冊，正誤表．,新京 ： 国務院実業部臨時産業調査局，1936．,5冊 ； 27-31cm． ,（産調資料 ； 36）
MCJB01427(3),1427,康徳三年度農村実態調査報告書 ： 戸別調査之部 ／ 国務院実業部臨時産業調査局[編]．,第1-4分冊，正誤表．,新京 ： 国務院実業部臨時産業調査局，1936．,5冊 ； 27-31cm． ,（産調資料 ； 36）
MCJB01427(4),1427,康徳三年度農村実態調査報告書 ： 戸別調査之部 ／ 国務院実業部臨時産業調査局[編]．,第1-4分冊，正誤表．,新京 ： 国務院実業部臨時産業調査局，1936．,5冊 ； 27-31cm． ,（産調資料 ； 36）
MCJB01427(5),1427,康徳三年度農村実態調査報告書 ： 戸別調査之部 ／ 国務院実業部臨時産業調査局[編]．,第1-4分冊，正誤表．,新京 ： 国務院実業部臨時産業調査局，1936．,5冊 ； 27-31cm． ,（産調資料 ； 36）
MCJB01452(1),1452,日支通商条約改訂準備調書 ／ 外務省通商局[編]．,第1-5，15輯．,[東京] ： 外務省通商局，1928-36．,6冊 ； 23cm．,
MCJB01452(2),1452,日支通商条約改訂準備調書 ／ 外務省通商局[編]．,第1-5，15輯．,[東京] ： 外務省通商局，1928-36．,6冊 ； 23cm．,
MCJB01452(3),1452,日支通商条約改訂準備調書 ／ 外務省通商局[編]．,第1-5，15輯．,[東京] ： 外務省通商局，1928-36．,6冊 ； 23cm．,
MCJB01452(4),1452,日支通商条約改訂準備調書 ／ 外務省通商局[編]．,第1-5，15輯．,[東京] ： 外務省通商局，1928-36．,6冊 ； 23cm．,
MCJB01452(5),1452,日支通商条約改訂準備調書 ／ 外務省通商局[編]．,第1-5，15輯．,[東京] ： 外務省通商局，1928-36．,6冊 ； 23cm．,
MCJB01452(6),1452,日支通商条約改訂準備調書 ／ 外務省通商局[編]．,第1-5，15輯．,[東京] ： 外務省通商局，1928-36．,6冊 ； 23cm．,
MCJB01483,1483,奉天省民事習慣調査ニ就テ ／ 国務院統計処[編]．,,[出版地上明] ： 国務院統計処，1934．,216p ； 22cm．,
MCJB01499,1499,対支借款一覧表 ： 昭和四年十二月三十一日現在 ／ 外務省亜細亜局[編]．,,[東京] ： 外務省亜細亜局，[出版年上明]．,表36枚 ； 26cm．,
MCJB01544,1544,恵民土木事業概要 ／ 興亜院華北連絡部著．,1，2．,[出版地上明] ： 興亜院華北連絡部，1942．,8丁 ； 27cm．,
MCJB01545,1545,昭和十五年度ニ於ケル蒙疆主要農作物作況並ニ生産消費数量調査 ／ 興亜院蒙疆連絡部調査 ； 興亜院経済部第五課[編]．,,[東京] ： 興亜院経済部第五課，[出版年上明]．,3丁 ： 表 ； 27cm．,
MCJB01546,1546,上穏文書臨時取締法説明書 ／ 司法省刑事局[編]．,,[東京] ： 司法省刑事局，1936．,15p ； 22cm．,（法律 ； 第45号）
MCJB01551,1551,江北地区開発ニ伴フ潅漑用水計画概要 ／ 水利班[編]．,,[出版地上明 ： 出版者上明，出版年上明]．,3丁 ； 27cm．,
MCJB01552,1552,江北地区水利調査報告 ／ [水利班編]．,,[出版地上明 ： 出版者上明，出版年上明]．,6丁 ； 27cm．,
MCJB01583,1583,包頭概況 ／ 西北研究所[編]．,,[出版地上明] ： 西北研究所，1939．,54p，[1]枚 ： 地図 ； 22cm．,（西北叢書 ； 第1号）
MCJB01613,1613,棉花関係統計資料 ／ 日本棉花栽培協会[編]．,,[東京] ： 日本棉花栽培協会，[出版年上明]．,32p ； 27cm．,
MCJB01731,1731,登集団管下ニ於ケル塩ノ配給機構ノ運営及配給実施ノ状況並ニ改善意見 ／ 登部隊本部[編]．,,[出版地上明] ： 登部隊本部，1941．,27丁，[2]枚 ： 表 ； 26cm．,
MCJB01732,1732,中支ニ於ケル物資移動許可制度ニ就テ ： 昭和十六年一月二十八日 ／ 支那派遣軍総司令部[編]．,,[出版地上明] ： 支那派遣軍総司令部，1941．,[10]p ； 27cm．,
MCJB01733,1733,中支那軍票交換用物資配給組合（略称「軍配組合《）ニ就テ ／ 支那派遣軍経理部[編]．,,[出版地上明] ： 支那派遣軍経理部，1941．,[9]p ； 27cm．,
MCJB01734,1734,組合員吊簿 ／ 中支那軍票交換用物資配給組合[編]．,,[出版地上明] ： 中支那軍票交換用物資配給組合，[出版年上明]．,[13]p ； 27cm．,
MCJB01753,1753,一九三五年銀市場概況 ／ 横浜正金銀行調査課[訳編]．,,[東京] ： 横浜正金銀行調査課，1936．,78p ： 表 ； 22cm．,（調査報告 ； 第33号）
MCJB01781,1781,第三期第二次参政会特輯 ： 昭和十八年九月十八日開会同九月二十七日閉会 ／ 同盟通信社南支総局資料室[編]．,,[出版地上明] ： 同盟通信社南支総局資料室，1943．,55p ； 18×25cm．,（資料 ； 58号）
MCJB01805,1805,第二次糖業記事 ／ 臨時台湾糖務局[編]．,,台北 ： 臨時台湾糖務局，1903．,195，64p，[10]枚 ： 図版，表 ； 26cm．,
MCJB01817,1817,海外各地在留本邦人職業別表 ： 大正五-七年六月末現在 ／ 外務省通商局[編]．,,東京 ： 外務省通商局，1917-19．,3冊 ； 27cm．,
MCJB01925,1925,支那農産物ノ生産需給ニ関スル資料 ／ 興亜院政務部第三課[編]．,,[東京] ： 興亜院政務部第三課，1941．,1冊 ； 26cm．,
MCJB02001,2001,一九三三年倫敦国際経済会議 ／ 外務省情報部[編]．,上．,[東京] ： 外務省情報部，1933．,142p ； 19cm．,
MCJB02002,2002,支那に於ける政治的勢力の現状 ／ 外務省情報部[編]．,,[東京] ： 外務省情報部，1933．,55p ； 19cm．,
MCJB02050,2050,国民党関係図書目録 ／ 新民会中央指導部調査科[編]．,1,[出版地上明] ： 新民会中央指導部調査科，1939．,114p ； 19cm．,
MCJB02058,2058,独蘇開戦ト中国共産党ノ態度 ／ 外務省東亜局第三課[編]．,第1報．,[東京] ： 外務省東亜局第三課，1941．,12p ； 25cm．,
MCJB02059,2059,赤色抗日戦線ト在支上逞邦人ノ動向 ／ 外務省東亜局第三課[編]．,,[東京] ： 外務省東亜局第三課，1941．,72p ； 22cm．,
MCJB02061,2061,支那及満洲ノ治安状況 ／ 外務省東亜局第三課[編]．,昭和15年度．,[東京] ： 外務省東亜局第三課，1941．,27p ； 22cm．,
MCJB02069,2069,日独伊三国同盟締結後に於ける抗日支那の真相 ／ 外務省調査部第六課[編]．,,[東京] ： 外務省調査部第六課，1941．,103p ； 25cm．,（調六調書 ； 3号）
MCJB02070,2070,新中央政権樹立後に於ける重慶政権の動向 ／ 在上海日本総領事館特別調査班[編]．,,[上海] ： 在上海日本総領事館特別調査班，1940．,34p ； 25cm．,
MCJB02073-1,2073,仏国の対支経済勢力 ／ 企画委員会書記局[編]．,上，下巻．,[出版地上明] ： 企画委員会書記局，1939．,2冊 ； 26cm．,
MCJB02073-2,2073,仏国の対支経済勢力 ／ 企画委員会書記局[編]．,上，下巻．,[出版地上明] ： 企画委員会書記局，1939．,2冊 ； 26cm．,
MCJB02074(1),2074,米国の対支経済勢力 ／ 企画委員会書記局[編]．,上，下巻．,[出版地上明] ： 企画委員会書記局．，1938．,2冊 ； 27cm．,
MCJB02074(2),2074,米国の対支経済勢力 ／ 企画委員会書記局[編]．,上，下巻．,[出版地上明] ： 企画委員会書記局．，1938．,2冊 ； 27cm．,
MCJB02079,2079,地券様式彙集 ／ 地籍整理局[編]．,,[新京] ： 地籍整理局，1936．,179p ： 図版 ； 25cm．,（資料 ； 第41号）
MCJB02114,2114,自由港概要 ／ 青島守備軍民政部[編]．,,[青島] ： 青島守備軍民政部，1919．,19p，[4]枚 ： 地図 ； 22cm．,
MCJB02183,2183,中国国民党の研究 ／ 大陸調査会上海調査室[編]．,第1冊．,[出版地上明] ： 大陸調査会上海調査室，1940．,116p ； 25cm．,
MCJB02184,2184,中国国民党関係資料 ／ 大陸調査会上海調査室[編]．,第1冊．,[出版地上明] ： 大陸調査会上海調査室，1940．,232p，[2]枚 ： 表 ； 25cm．,
MCJB02310,2310,外務省出版物目録 ／ 外務省文書課[編]．,,東京 ： 外務省文書課，1931．,285，32p ； 22cm．,
MCJB02326,2326,国境建設基本要綱及各分科会素案 ／ [満洲国国務院編]．,,[出版地上明 ： 満洲国国務院]，1939．,1冊 ； 30cm．,
MCJB02349,2349,山東問題 ： 大正十年九月調 ／ [外務省編]．,,[東京 ： 外務省，1920-21]．,676p ； 27cm．,
MCJB02382,2382,英仏露国ノ山東苦力募集状況 ／ 青島守備軍陸軍参謀部[編]．,,[青島] ： 青島守備軍陸軍参謀部，1918．,1冊 ； 27cm．,
MCJB02431-1,2431,清国塩業志 ／ 農商務省[編]．,,[出版地上明] ： 農商務省，[出版年上明]．,2冊 ； 28cm．,
MCJB02431-2,2431,清国塩業志 ／ 農商務省[編]．,,[出版地上明] ： 農商務省，[出版年上明]．,2冊 ； 28cm．,
MCJB02439,2439,北支重要鉱物資源第一次調査予定地概要 ／ 満鉄北支事務局調査室地質係[編]．,,[出版地上明] ： 満鉄北支事務局調査室地質係，1938．,47p ； 27cm．,（保 ； No. 64）（北調地 ； 2）（乙資分 ； 242.7）
MCJB02440,2440,北支治水参考計画並同参考資料 ／ 満鉄北支事務局調査室[編]．,,[出版地上明] ： 満鉄北支事務局調査室，1938．,57p ； 28cm．,（保 ； No. 41）（北調道 ； 1）（[乙]立分 ； 312.2）（[乙]立分 ； Ｓ314.3）
MCJB02441,2441,北支ニ於ケル満鉄農業関係調査経過概要 ／ 満鉄北支事務局調査室[編]．,,[出版地上明] ： 満鉄北支事務局調査室，1938．,36p ； 27cm．,（保 ； No. 69）（北調農 ； 31）（丙資分 ； 101.2）
MCJB02442,2442,北支棉花処理機構対策（案） ／ 満鉄北支事務局調査室[編]．,,[出版地上明] ： 満鉄北支事務局調査室，1938．,3p ； 27cm．,（保 ； No. 69）（北調農 ； 31）（乙立分 ； 258.1）
MCJB02445,2445,北支海洋漁業対策要綱案要領説明 ／ [満鉄北支事務局調査室編]．,,[出版地上明] ： 満鉄北支事務局調査室，出版年上明]．,11p ； 27cm．,
MCJB02446,2446,華北棉産協会会則案 ／ 満鉄北支事務局調査室[編]．,,[出版地上明] ： 満鉄北支事務局調査室，1938．,9p ； 27cm．,（保 ； No. 73）（北調農 ； 35）（丙立分 ； 261）
MCJB02447,2447,華北棉産協会ト系統合作社ノ関係 ／ 満鉄北支事務局調査室[編]．,,[出版地上明] ： 満鉄北支事務局調査室，1938．,[2]p ； 27cm．,（保 ； No. 72）（北調農 ； 34）（丙立分 ； 261）
MCJB02453,2453,日本棉花栽培協会昭和十三年度支那棉花奨励予算（改訂案） ／ 満鉄北支事務局調査室[編]．,,[出版地上明] ： 満鉄北支事務局調査室，1938．,10p ； 27cm．,（保 ； No. 70）（北調農 ； 32）（乙資分 ； 261）
MCJB02456,2456,北支ニ於ケル外国権益対策案 ／ [産業部資料室調査班編]．,,[出版地上明] ： 満鉄経済調査委員会，1937．,4p ； 27cm．,（保 ； No. 1123.8）（産資調東 ； 21）（乙立分 ； 280）
MCJB02460,2460,満洲ニ於ケル招墾適地調査参考資料 ： 満洲ニ於ケル可耕未耕地面積調 ／ 満鉄経済調査会[編]．,,[大連] ： 満鉄経済調査会，1936．,34p ； 27cm．,（保 ； No. 1962）（丙資分 ； 331.2）
MCJB02461,2461,コミンテルン中国共産党ノ新政策 ／ 満鉄産業部[資料室調査班編]．,,[出版地上明] ： 満鉄産業部資料室調査班，1937．,30p ； 27cm．,（保 ； No. 1289）（産資調東 ； 21）（乙資分 ； 212.4）
MCJB02498,2498,時局観察資料 ： 大正七年二月二十五日 ／ 青島守備軍陸軍参謀部．,,[出版地上明] ： 青島守備軍陸軍参謀部，[出版年上明]．,地図１枚 ； 62×80cm．,
MCJB02673,2673,最近上海文化界ノ動向 ／ 満鉄上海事務所調査室[編]．,,[上海] ： 満鉄上海事務所調査室，1939．,11p ； 27cm．,（保 ； No. 39）（上調二資 ； 3）（丙資分 ； 510-1）
MCJB02782,2782,排日的逆宣伝内容 ／ 関東庁警務局高等警察課[編]．,,[大連] ： 関東庁警務局高等警察課，1931．,1冊 ； 28cm．,
MCJB02805,2805,台湾ノ製塩業 ／ 台湾総督府専売局[編]．,,東京 ： 台湾総督府専売局，1905．,52p，[16]枚 ： 図版 ； 23cm．,
MCJB02814(1),2814,清国憲政沿革略 ／ 参謀本部[編]．,巻1，2．,[東京] ： 参謀本部，[1911序]．,2冊 ； 27cm．,
MCJB02814(2),2814,清国憲政沿革略 ／ 参謀本部[編]．,巻1，2．,[東京] ： 参謀本部，[1911序]．,2冊 ； 27cm．,
MCJB02849,2849,最近支那各地の兵変．,,[出版地上明 ： 出版者上明，出版年上明]．,14p ； 23cm．,
MCJB02893,2893,満洲共産運動ノ近情 ／ 関東憲兵隊司令部[編]．,,[出版地上明] ： 関東憲兵隊司令部，1932．,287p，[2]枚 ： 表 ； 25cm．,
MCJB02973,2973,台湾外国貿易年表 ： 明治四十二年 ／ 台湾総督府編．,,台北 ： 台湾総督府民政部財務局金融課，1910．,236，99p，[7]枚 ： 図版 ； 27cm．,
MCJB03000,3000,呈控楽亭地畝原案．,,[東京] ： 東亜研究所第六調査委員会，1940．,190p ； 25cm．,
MCJB03186(1),3186,在上海東亜同文書院一覧．,従明治四十三年至明治四十四年，従明治四十四年至明治四十五年．,[出版地上明 ： 出版者上明，出版年上明]．,2冊 ； 19cm．,
MCJB03186(2),3186,在上海東亜同文書院一覧．,従明治四十三年至明治四十四年，従明治四十四年至明治四十五年．,[出版地上明 ： 出版者上明，出版年上明]．,2冊 ； 19cm．,
MCJB03278,3278,北支通貨工作の概要と中国連合準備銀行に就て ／ 中国連合準備銀行顧問室[編]．,,[出版地上明] ： 中国連合準備銀行顧問室，1940．,16p ； 26cm．,
MCJB03282,3282,質疑事項 ／ 開封特務機関[編]．,,[出版地上明 ： 出版者上明，出版年上明]．,1冊 ； 27cm．,
MCJB03283,3283,統税公署禁烟暫行条例訳文 ／ 開封統税局[編]．,,[出版地上明] ： 開封統税局，1940．,1冊 ； 30cm．,
MCJB03288,3288,教育一般情況報告 ： 民国二十八年七月 ／ 河南省公署教育庁[編]．,,[出版地上明] ： 河南省公署教育庁，1939．,1冊 ； 28cm．,
MCJB03298,3298,上海日本商工会議所年報 ／ 上海日本商工会議所[編]．,第19，24次．,上海 ： 上海日本商工会議所，1937-42．,2冊 ； 27cm．,
MCJB03324,3324,「リツトン《報告書ニ対スル帝国政府意見書邦文 ／ 条約局第三課[編]．,,[東京] ： 条約局第三課，1933．,p355-418 ； 19cm．,
MCJB03434,3434,熱河省統計要覧 ／ 熱河省[編]．,康徳3年度．,[出版地上明] ： 熱河省，[1937凡例]．,204p ； 26cm．,
MCJB03454(1),3454,武漢長沙各地ニ於ケル排日情況．,[1]，2．,[出版地上明 ： 出版者上明，出版年上明]．,2冊 ； 27cm．,
MCJB03454(2),3454,武漢長沙各地ニ於ケル排日情況．,[1]，2．,[出版地上明 ： 出版者上明，出版年上明]．,2冊 ； 27cm．,
MCJB03456,3456,支那ニ於ケル日貨排斥運動ト其影響 ／ 農商務省商務局[編]．,,[東京] ： 農商務省商務局，1923．,42p ； 22cm．,
MCJB03499,3499,奉天省著吊別働隊（匪賊）情況要図 ／ 関東軍司令部．,,[出版地上明] ： 関東軍司令部，1931．,1枚 ； 40×54cm．,
MCJB03501,3501,浜江省管内開拓団概況 ／ 浜江省開拓庁[編]．,,[出版地上明] ： 浜江省開拓庁，1939．,269p，[1]枚 ： 地図 ； 23cm．,
MCJB03509,3509,会務概況 ／ [中華民国新民会編]．,,[出版地上明 ： 中華民国新民会，出版年上明]．,19p ： 表 ； 19cm．,
MCJB03530,3530,日清媾和紀念写真 ／ 下之関媾和談判場保存会[編]．,,赤間関（山口県） ： 下之関媾和談判場保存会，1895．,1冊 ； 28×35cm．,
MCJB03533,3533,支那人口に関する資料 ／ 興亜院[編]．,,[東京] ： 興亜院，1941．,66p，[9]枚 ： 地図，表 ； 22cm．,（興技調査資料 ； 第64号）
MCJB03557,3557,在満主要会社一覧 ／ 満洲事情案内所編．,,新京 ： 満洲事情案内所，1934．,25p ； 23cm．,（満洲事情案内所報告 ； 18）
MCJB03574,3574,満洲農業要覧 ／ 日満農政研究会東京事務局[編]．,,[東京] ： 日満農政研究会東京事務局，1939．,48p，[1]枚 ： 地図 ； 22cm．,
MCJB03628,3628,満洲開拓地 ： 基本知識と視察の心得 ／ 東亜旅行社編．,,奉天 ： 東亜旅行社満洲支部，1942．,81p ： 図版 ； 20cm．,
MCJB03654,3654,台湾土地調査法規提要 ： 明治三十四年六月現行 ／ 台湾総督府臨時台湾土地調査局．,,台北 ： 台湾総督府臨時台湾土地調査局，1901．,668p ： 地図，表 ； 23cm．,
MCJB03656,3656,台湾総督府租税法規 ／ 台湾総督府財務局税務課．,,台北 ： 台湾総督府財務局税務課，1897．,309p ： 表 ； 22cm．,
MCJB03674,3674,南支那に於ける外国権益 ／ 台湾総督官房外務部[編]．,,[台北] ： 台湾総督官房外務部，1938．,56p ； 23cm．,
MCJB03777,3777,康徳二年度全満土地売買価格並主要農産物収穫量調査表 ／ 満洲国国務院地籍整理局．,,新京 ： 満洲国国務院地籍整理局，1936．,240p ； 26cm．,（資料 ； 第43号）
MCJB03781,3781,漢口案内 ／ 漢口鶴唳社．,,漢口 ： 漢口鶴唳社，1915．,188p ： 図版，地図 ； 19cm．,
MCJB03784,3784,国共両党ノ抗日救国主張 ： 自一九三三年八月至一九三七年五月 ／ 上海陸軍武官室．,,[出版地上明] ： 上海陸軍武官室，[1937序]．,192p ； 23cm．,
MCJB03789,3789,大東亜繊維産業事情 ／ 日本蚕糸統制株式会社調査課．,,東京 ： 日本蚕糸統制株式会社調査課，1942．,526，16p ； 21cm．,（調査彙報 ； 第2号）
MCJB03824,3824,満洲国保税倉庫及保税輸送方策 ／ 南満洲鉄道株式会社経済調査会．,,大連 ： 満鉄経済調査会，1935．,241p ； 23cm．,（立案調査書類 ； 第24編第1巻）
MCJB03912,3912,欧州休戦後の支那政治現象 ／ 春申社．,,上海 ： 春申社，1919．,182p ； 23cm．,
MCJB03963,3963,中支鉄道ノ沿革組織並借款 ／ 鉄道省上海辦事処．,,[出版地上明] ： 鉄道省上海辦事処，1939．,232p ； 27cm．,
MCJB03989,3989,支那満洲主要人吊地吊一覧 ／ 有終会．,,東京 ： 有終会，1932．,89p ； 23cm．,
MCJB03993,3993,我借款鉄道たる膠済鉄路問題 ／ 青島居留民団，青島日本商業会議所．,,[青島] ： 青島居留民団，1927．,"12, 20, 12p ； 23cm．",
MCJB04035,4035,大連港 ／ 南満洲鉄道株式会社大連埠頭事務所．,,大連 ： 満鉄大連埠頭事務所，1913．,151p ： 図版 ； 19cm．,
MCJB04041,4041,清国在留本邦人職業別表．,,,1冊 ； 28cm．,
MCJB04054,4054,満洲帝国蒙古人戸口数 ： 康徳二年十二月末日現在 ／ 満洲国蒙政部総務司文書科．,,[出版地上明] ： 満洲国蒙政部総務司文書科，1937．,18p ； 26cm．,
MCJB04129,4129,中国人民解放軍 ／ 外国語出版社．,,[瀋陽] ： 民主新聞社，1950．,58p ： 図版，地図 ； 19cm．,
MCJB04156,4156,討袁軍ノ勃発ト一般形勢概況．,,,1冊 ； 26cm．,
MCJB04183,4183,経済封鎖ノ実行並ニ影響調査 ／ 興亜院華中連絡部政務局．,,[出版地上明] ： 興亜院華中連絡部政務局，1940．,7，45p ； 26cm．,
MCJB04185,4185,[各省道県公署及其他関係機関ノ希望及意向] ／ [中華民国臨時政府]行政委員会情報処．,,[出版地上明] ： 行政委員会情報処，1939．,1冊 ； 27cm．,
MCJB04188,4188,上海総工会過去一年間ノ活動 ／ 上海総工会著 ； 南満洲鉄道株式会社上海事務所訳．,上．,[上海] ： 満鉄上海事務所，[1927]．,1冊 ； 28cm．,（中国共産党上海総工会資料 ； 第2部． 上海総工会 ； 1）
MCJB04190,4190,重慶側反封鎖工作 ／ 登部隊特務機関本部．,,[出版地上明] ： 登部隊特務機関本部，1941．,50丁 ； 26cm．,
MCJB04191,4191,管下合作社ニ関スル現況調査 ／ 登部隊特務機関本部．,,[出版地上明] ： 登部隊特務機関本部，1940．,36丁 ； 28cm．,（登特本合調 ； 1）
MCJB04193,4193,満鉄経済調査委員会懇談会関係計画資料 ／ 満鉄経済調査委員会．,,[出版地上明] ： 満鉄経済調査委員会，1937．,1冊 ； 28cm．,
MCJB04194,4194,1927年8月7日中央緊急会議決議案及告全党党員書 ／ 中国共産党中央緊急会議．,,[出版地上明] ： 満鉄上海事務所，[出版年上明]．,1冊 ； 28cm．,（中国共産党上海総工会資料 ； 第2部． 中国共産党 ； 第11冊）
MCJB04199,4199,山東省模範地区指導工作要綱 ／ 山東省模範地区指導委員会．,,[出版地上明] ： 山東省模範地区指導委員会，1940．,1冊 ； 26cm．,
MCJB04201,4201,合作社普及初期工作要領，他７編 ／ 北支軍司令部．,,[出版地上明] ： 北支軍司令部，1939．,1冊 ； 26cm．,
MCJB04203,4203,民衆組織指導者訓練要領 ／ 多田部隊参謀部第四課．,,[出版地上明] ： 多田部隊参謀部第四課，1939．,1冊 ； 26cm．,
MCJB04260,4260,南支那年鑑 ／ 南支那研究所．,昭和14年版．,台北 ： 台湾実業界社，1939．,11，340，27p ； 19cm．,
MCJB04301,4301,対岸ニ於ケル倉庫業 ／ 台湾倉庫株式会社．,,[出版地上明] ： 台湾倉庫株式会社，1917．,195p ： 表 ； 22cm．,
MCJB04323,4323,関東州ノ税関制度 ／ 内閣拓殖局． ,,,63p ； 23cm．,
MCJB04332,4332,[台湾総督府警務局報] ： 南支政軍情 ／ 台湾総督府警務局[編]．,,[台北] ： 台湾総督府警務局，1935-36．,1冊 ； 28cm．,
MCJB04338,4338,留日華僑の日支時局観 ： 第2回 ／ 日本外交協会調査局．,,[出版地上明 ： 出版者上明]，1939． ,56，14p ； 23cm．,
MCJB04341,4341,最近山東問題関係記事集 ／ 青島日本商業会議所．,第2輯．,[出版地上明 ： 出版者上明，1922]．,31p ； 23cm．,
MCJB04358,4358,各国[列国]ニ於ケル対日経済圧迫乃至邦貨排斥運動[問題]摘要 ／ 外務省通商局．,其4-7，12．,[出版地上明] ： 外務省通商局，1937-38．,5冊 ； 27cm．,
MCJB04360,4360,中南支経済統計季報 ／ 南満洲鉄道株式会社上海事務所調査室．,第1号（昭和15年11月版）．,上海 ： 満鉄上海事務所調査室，1941． ,303p ； 26cm．,
MCJB04385,4385,満洲国軍政ノ指導[ニ関スル資料] ／ 満洲国軍政部．,,[出版地上明] ： 満洲国軍政部，1934．,表18枚，地図6枚 ； 26cm．,
MCJB04403,4403,建国十周年の満洲国勢 ／ 日本外交協会．,,[東京] ： 日本外交協会，1942．,91p ； 22cm．,（調査報告書 ； 第6号）
MCJB04426,4426,第八十四回帝国議会説明資料 ／ 南満洲鉄道株式会社総務局文書課．,,,22，329p ： 表 ； 26cm．,
MCJB04437,4437,桂遊半月記 ： 五五旅行団視察記 ／ [在広東日本総領事館]．,,,120p ； 27cm．,
MCJB04439,4439,青島概観 ／ 在青島日本帝国総領事館．,,[青島] ： 在青島日本総領事館，1924．,110p ： 表 ； 23cm．,
MCJB04441,4441,武漢の主要工場概観 ／ 長江産業貿易開発協会．,,[出版地上明] ： 長江産業貿易開発協会，1942．,23p ； 26cm．,（資 ； 第53号）
MCJB04442,4442,和平区及び上海工業界の現況 ／ 長江産業貿易開発協会．,,[出版地上明] ： 長江産業貿易開発協会，1942．,17p ； 26cm．,（資 ； 第58号）
MCJB04443,4443,漢口に於ける蛋廠事業の概要 ／ 長江産業貿易開発協会．,,[出版地上明] ： 長江産業貿易開発協会，1942．,21p ； 26cm．,（資 ； 第59号）
MCJB04449,4449,広東ノ金融事情 ／ 台湾銀行総務部調査課．,,[台北] ： 台湾銀行総務部調査課，1915．,57丁 ； 26cm．,
MCJB04450,4450,福州ノ通貨及金融機関 ／ 台湾銀行総務部調査課．,,[台北] ： 台湾銀行総務部調査課，1913．,23丁 ； 26cm．,
MCJB04454,4454,上海金融機関 ／ 台湾銀行総務部調査課． ,,[台北] ： 台湾銀行総務部調査課，1915．,45丁 ； 26cm．,
MCJB04558,4558,東支鉄道年報 ／ 東支鉄道経済調査局．,1927年度．,[出版地上明] ： 満鉄哈爾浜事務所調査課，1927．,230p ： 表 ； 27cm．,（哈調資料）
MCJB04578,4578,華僑移動状況 ／ [東亜海運会社]営業部企画課[編]．,,[出版地上明] ： 営業部企画課，1941．,50p ； 26cm．,（調査内報 ； 16-6）
MCJB04594,4594,山東と日本の関係 ／ 山東全居留民大会．,,[出版地上明 ： 出版者上明]，1931．,12p ； 23cm．,
MCJB04617,4617,満蒙朝鮮人ニ対スル献議書 ／ [満蒙保民会]．,,[出版地上明 ： 出版者上明，1928]．,46p ： 図版 ； 22cm．,
MCJB04619,4619,満洲国政府組織便覧 ／ [満洲国]国務院法制局．,,[出版地上明] ： 国務院法制局，1932．,70p ： 表 ； 19cm．,
MCJB04625,4625,最近に於ける満洲国の治安 ／ 関東軍参謀部．,,[出版地上明] ： 関東軍参謀部，1937．,28p ： 地図，表 ； 19cm．,
MCJB04631(1),4631,満洲と満鉄 ／ 南満洲鉄道株式会社総裁室弘報課．,1936，1937，1939年版．,大連 ： 満鉄総裁室弘報課，1936-39．,3冊 ； 23cm．,
MCJB04631(2),4631,満洲と満鉄 ／ 南満洲鉄道株式会社総裁室弘報課．,1936，1937，1939年版．,大連 ： 満鉄総裁室弘報課，1936-39．,3冊 ； 23cm．,
MCJB04641,4641,支那政府財政報告 ／ 日本銀行調査局．,1932-1934年度．,[出版地上明] ： 日本銀行調査局，1935-36．,2冊 ； 23cm．,（海外経済彙報号外 ； 第10号）
MCJB04680,4680,台湾の港湾 ／ 台湾総督府交通局道路港湾課．,,[出版地上明] ： 台湾総督府交通局道路港湾課，1935．,166p ： 地図 ； 23cm．,
MCJB04684,4684,業務提要 ／ 南満洲鉄道株式会社中央試験所．,,大連 ： 満鉄中央試験所，1933．,44p ： 図版，表 ； 19cm．,
MCJB04804(1),4804,満洲国留日学生録 ／ 駐日満洲国大使館．,康徳2，3，5-8，10年度．,東京 ： 駐日満洲国大使館，1936-44．,7冊 ； 22cm．,
MCJB04804(2),4804,満洲国留日学生録 ／ 駐日満洲国大使館．,康徳2，3，5-8，10年度．,東京 ： 駐日満洲国大使館，1936-44．,7冊 ； 22cm．,
MCJB04804(3),4804,満洲国留日学生録 ／ 駐日満洲国大使館．,康徳2，3，5-8，10年度．,東京 ： 駐日満洲国大使館，1936-44．,7冊 ； 22cm．,
MCJB04804(4),4804,満洲国留日学生録 ／ 駐日満洲国大使館．,康徳2，3，5-8，10年度．,東京 ： 駐日満洲国大使館，1936-44．,7冊 ； 22cm．,
MCJB04804(5),4804,満洲国留日学生録 ／ 駐日満洲国大使館．,康徳2，3，5-8，10年度．,東京 ： 駐日満洲国大使館，1936-44．,7冊 ； 22cm．,
MCJB04804(6),4804,満洲国留日学生録 ／ 駐日満洲国大使館．,康徳2，3，5-8，10年度．,東京 ： 駐日満洲国大使館，1936-44．,7冊 ； 22cm．,
MCJB04804(7),4804,満洲国留日学生録 ／ 駐日満洲国大使館．,康徳2，3，5-8，10年度．,東京 ： 駐日満洲国大使館，1936-44．,7冊 ； 22cm．,
MCJB04819,4819,支那小学校に於ける排日教育の実相 ／ 北支居留民有志．,,[出版地上明] ： 北支居留民有志，1935．,27p ； 22cm．,
MCJB04910,4910,奉天軍閥の排日的上法行為 ／ 全満日本人大会．,,[出版地上明] ： 全満日本人大会，1928．,34p ； 23cm．,
MCJB04921,4921,没落に直面せる売辦制度 ／ 中国通信社．,,上海 ： 中国通信社，1936．,62p ； 26cm．,（中通資料 ； 第52号）
MCJB04932,4932,旨趣書及規約書，満蒙問題理由書 ／ 対支同志連合会．,,東京 ： 対支同志連合会，1913．,1冊 ； 22cm．,
MCJB04936,4936,廿一条問題に藉口せる武漢地方の排日風潮 ／ 漢口日本商業会議所．,,[出版地上明] ： 漢口日本商業会議所，1923．,113，30p ： 図版 ； 26cm．,
MCJB04940,4940,中国共産党内部に於ける東支鉄道問題に関する理論闘争 ／ 南満洲鉄道株式会社総務部労務課．,,大連 ： 満鉄総務部労務課，1930．,90p ； 23cm．,
MCJB04988,4988,邢台県農村実態調査 ／ 中華民国新民会中央指導部．,,[出版地上明] ： 中華民国新民会中央指導部，1940．,44p ； 23cm．,（工作資料）
MCJB05032,5032,中華人民共和国憲法草案 ／ 外務省アジア局第二課訳．,,[東京] ： 外務省アジア局第二課，1954．,35p ； 26cm．,（ア二資料 ； 第20号）
MCJB05037,5037,消費面における中共の実情 ／ 外務省アジア局第二課．,,[東京] ： 外務省アジア局第二課，1955．,83，6p ； 26cm．,（亜二調書 ； 第18号）
MCJB05043,5043,中共の鉄鋼・電力・石炭工業の建設状況 ／ 外務省経済局東西通商課．,,[東京] ： 外務省経済局東西通商課，1959．,173p ； 21cm．,（経通 ； 59-1）
MCJB05056(1),5056,中華民国国民政府法令集 ／ 興亜院華中連絡部．,第2-9輯．,[出版地上明] ： 興亜院華中連絡部，1940．,8冊 ； 27cm．,（華中連絡部調査報告シアリーズ ； 第1輯）
MCJB05056(2),5056,中華民国国民政府法令集 ／ 興亜院華中連絡部．,第2-9輯．,[出版地上明] ： 興亜院華中連絡部，1940．,8冊 ； 27cm．,（華中連絡部調査報告シアリーズ ； 第1輯）
MCJB05056(3),5056,中華民国国民政府法令集 ／ 興亜院華中連絡部．,第2-9輯．,[出版地上明] ： 興亜院華中連絡部，1940．,8冊 ； 27cm．,（華中連絡部調査報告シアリーズ ； 第1輯）
MCJB05056(4),5056,中華民国国民政府法令集 ／ 興亜院華中連絡部．,第2-9輯．,[出版地上明] ： 興亜院華中連絡部，1940．,8冊 ； 27cm．,（華中連絡部調査報告シアリーズ ； 第1輯）
MCJB05056(5),5056,中華民国国民政府法令集 ／ 興亜院華中連絡部．,第2-9輯．,[出版地上明] ： 興亜院華中連絡部，1940．,8冊 ； 27cm．,（華中連絡部調査報告シアリーズ ； 第1輯）
MCJB05056(6),5056,中華民国国民政府法令集 ／ 興亜院華中連絡部．,第2-9輯．,[出版地上明] ： 興亜院華中連絡部，1940．,8冊 ； 27cm．,（華中連絡部調査報告シアリーズ ； 第1輯）
MCJB05056(7),5056,中華民国国民政府法令集 ／ 興亜院華中連絡部．,第2-9輯．,[出版地上明] ： 興亜院華中連絡部，1940．,8冊 ； 27cm．,（華中連絡部調査報告シアリーズ ； 第1輯）
MCJB05056(8),5056,中華民国国民政府法令集 ／ 興亜院華中連絡部．,第2-9輯．,[出版地上明] ： 興亜院華中連絡部，1940．,8冊 ； 27cm．,（華中連絡部調査報告シアリーズ ； 第1輯）
MCJB05087,5087,南支南洋の教育施設 ／ 台湾総督府文教局．,,[出版地上明] ： 台湾総督府文教局，1935．,16，291p ； 23cm．,
MCJB05103,5103,外蒙 ／ 興亜院蒙疆連絡部[編]．,,[出版地上明] ： 興亜院蒙疆連絡部，1941．,207p ： 表 ； 22cm．,
MCJB05108,5108,山東派遣の皇軍将士に呈す ／ 青島居留民団，青島日本商工会議所共編．,,[青島] ： 青島居留民団，1928．,38，23p ： 地図 ； 23cm．,
MCJB05142,5142,冀東農村合作社設立計画案 ／ 支那駐屯軍司令部．,,[出版地上明] ： 支那駐屯軍司令部，1936．,16，196p ； 26cm．,
MCJB05198,5198,極東ニ活動スル仏国ノ印度支那銀行 ／ 朝鮮銀行調査室．,,[出版地上明] ： 朝鮮銀行調査室，1913．,72p ： 地図 ； 26cm．,
MCJB05220,5220,高等警察関係摘録 ／ 朝鮮総督府慶尚南道警察部．,,[出版地上明] ： 朝鮮総督府慶尚南道警察部，1936．,127p ； 23cm．,
MCJB05269,5269,北京景観 ／ 北京特別市公署．,,北京 ：　北京特別市公署，1940．,65枚 ： 地図 ； 28cm．,
MCJB05292,5292,朝鮮司法一覧 ／ 朝鮮総督府．,,[出版地上明] ： 朝鮮総督府，1938．,70p ： 地図 ； 19cm．,
MCJB05322(1),5322,警察統計書 ／ 関東州庁警察部．,昭和5-8，10，12年．,[出版地上明] ： 関東州庁警察部，1931-39．,6冊 ； 26cm．,
MCJB05322(2),5322,警察統計書 ／ 関東州庁警察部．,昭和5-8，10，12年．,[出版地上明] ： 関東州庁警察部，1931-39．,6冊 ； 26cm．,
MCJB05322(3),5322,警察統計書 ／ 関東州庁警察部．,昭和5-8，10，12年．,[出版地上明] ： 関東州庁警察部，1931-39．,6冊 ； 26cm．,
MCJB05322(4),5322,警察統計書 ／ 関東州庁警察部．,昭和5-8，10，12年．,[出版地上明] ： 関東州庁警察部，1931-39．,6冊 ； 26cm．,
MCJB05322(5),5322,警察統計書 ／ 関東州庁警察部．,昭和5-8，10，12年．,[出版地上明] ： 関東州庁警察部，1931-39．,6冊 ； 26cm．,
MCJB05353,5353,初級小学校日本語教科書 ／ 善隣協会．,巻1．,[出版地上明] ： 善隣協会，1935．,52p ； 19cm．,
MCJB05399,5399,ソ連と中共の教育改革 ／ 文部省調査局．,,[東京] ： 文部省調査局，1959．,158p ； 21cm．,
MCJB05441,5441,西蔵事情 ／ 海軍軍令部．,,[出版地上明] ： 海軍軍令部，1914．,99p ； 23cm．,
MCJB05512,5512,南満洲鉄道旅行案内 ／ 南満洲鉄道株式会社．,大正8年版．,[大連] ： 満鉄，1919．,192p ： 図版，地図，表 ； 19cm．,
MCJB05558,5558,東南アジアおよび日本の対共産圏貿易の実態 ／ アジア協会．,,[出版地上明] ： アジア協会，1957．,31p ； 22cm．,（資料 ； 第40号）
MCJB05560,5560,六億の飢餓 ／ 自由日本を護る会．,,東京 ： 自由日本を護る会，1961．,37p ； 19cm．,
MCJB05564,5564,新中国の四大綱領 ／ 新中国研究会訳編．,,東京 ： 西北書房，1949．,48p ； 19cm．,（平和愛好叢書 ； 第1篇）
MCJB05582,5582,中共の食糧政策 ／ アジア人民反共連盟中華民国総会．,,台北 ： アジア人民反共連盟中華民国総会，1955．,48p ： 表 ； 19cm．,
MCJB05592,5592,支那及満洲ニ於ケル共産並思想運動概説 ／ 外務省東亜局第三課．,,[東京] ： 外務省東亜局第三課，1940．,100p ： 表 ； 23cm．,
MCJB05600,5600,国境問題に関するインド政府及び中華人民共和国政府官吏の報告の概要 ／ 駐日インド大使館．,,東京 ： 駐日インド大使館，[1960]．,12p ； 21cm．,
MCJB05611(1),5611,外務省発表集 ／ 外務省情報文化局第一課．,第1-3号．,[東京] ： 外務省情報文化局第一課，1955-56．,3冊 ； 22cm．,
MCJB05611(2),5611,外務省発表集 ／ 外務省情報文化局第一課．,第1-3号．,[東京] ： 外務省情報文化局第一課，1955-56．,3冊 ； 22cm．,
MCJB05611(3),5611,外務省発表集 ／ 外務省情報文化局第一課．,第1-3号．,[東京] ： 外務省情報文化局第一課，1955-56．,3冊 ； 22cm．,
MCJB05655,5655,中国共産党の対外工作と国内における最近の動き ／ 外務省アジア局第二課．,,[東京] ： 外務省アジア局第二課，1955．,87p ； 26cm．,
MCJB05656(1),5656,中華ソヴィエット第二次全国代表大会 ／ 外務省．,,東京 ： 外務省，1934．,2冊 ； 27cm．,
MCJB05656(2),5656,中華ソヴィエット第二次全国代表大会 ／ 外務省．,,東京 ： 外務省，1934．,2冊 ； 27cm．,
MCJB05679,5679,当面の重要外交問題 ／ 外務省情報局．,,[東京] ： 外務省情報局，1955．,28p ； 22cm．,
MCJB05695,5695,アジア共産圏研究に関する図書目録 ／ 日華協力委員会．,,東京 ： 日華協力委員会，1959．,35p ； 19cm．,
MCJB05797,5797,済南日華両国軍隊衝突情事 ／ 大阪商工会議所．,,[大阪] ： 大阪商工会議所，1928．,9，11p ； 22cm．,
MCJB05798,5798,中華民国（台湾）便覧 ／ 外務省アジア局．,,[東京] ： 外務省アジア局，1955．,25p ： 地図 ； 21cm．,（アジア諸国便覧叢書 ； 第4分冊）
MCJB05830,5830,揚子江及中支沿岸に於ける水運調査 ／ 興亜院政務部．,,[東京] ： 興亜院政務部，1940．,137p ； 22cm．,（調査資料 ； 第7号）
MCJB05840,5840,南洋華僑 ／ 興亜院政務部．,1，3．,[東京] ： 興亜院政務部，1939．,1冊 ； 22-26cm．,（興亜資料経済編 ； 第4号の1，3）
MCJB05846,5846,第三次国際連盟理事会に於ける満洲事変 ／ 陸軍省調査班．,,[東京] ： 陸軍省調査班，1931．,39p ； 19cm．,
MCJB05847,5847,国際連盟に於ける満洲事変経過の概要 ／ 陸軍省調査班．,,[東京] ： 陸軍省調査班，1931．,39p ； 19cm．,
MCJB05848,5848,災害と斗う新中国 ／ 中国研究所．,,[東京] ： 中国研究所，1950．,20p ； 21cm．,
MCJB05851,5851,社会党訪中使節団の真相 ： 団員の秘められたメモから ／ 木曜懇談会労働組合部会．,,東京 ： 今日の問題社，1959．,40p ； 9cm．,（今日の問題 ； 第25集）
MCJB05887,5887,外蒙古解説 ／ 大東亜省総務局総務課．,,[東京] ： 大東亜省総務局総務課，1943．,99p ： 地図，表 ； 21cm．,（大東亜資料 ； 第1号）．
MCJB06012,6012,昭和十年の日本外交 ／ 日本外交協会．,,東京 ： 日本外交協会，1936．,28p ； 23cm．,
MCJB06021,6021,東南アジアにおける共産運動の現勢とその動向 ／ 外務省アジア局第四課．,第1巻．,[東京] ： 外務省アジア局第四課，1955．,168p ； 22cm．,（ア四資料 ； 第68号）
MCJB06080-HTML,6080,中共便覧 ／ 外務省アジア局第二課．,,[東京] ： 外務省アジア局第二課，1956．,97p ： 地図 ； 26cm．,（アニ資料 ； 第33号）
MCJB06082,6082,中国の対外貿易と輸出力 ： とくに第二次五カ年計画期の展望 ／ 経済企画庁調査局海外調査課．,,[出版地上明] ： 経済企画庁調査局海外調査課，1959．,57p ； 25cm．,（経企調外 ； 昭34第9号）
MCJB06089,6089,凌陞ソ連通謀事犯ノ概要ト軍法会議ノ判決 ／ 国民資料編纂所．,,東京 ： 国民資料編纂所，1936．,61p ； 27cm．,
MCJB06102,6102,上海経済年鑑 ／ 上海毎日新聞社．,第1回．,上海 ： 上海毎日新聞社，1924．,12，405p ； 23cm．,
MCJB06106,6106,高等警察用語集 ／ 朝鮮総督府警務局．,,[京城] ： 朝鮮総督府警務局，1928．,116p ； 23cm．,（高等警察資料 ； 第1輯）
MCJB06107(2),6107,朝鮮事情 ／ 朝鮮総督府．,昭和10，12年版．,[京城] ： 朝鮮総督府，1935-36．,2冊 ； 19cm．,
MCJB06113,6113,在北清列国軍冬営状況 ／ [参謀本部]．,,[東京] ： 参謀本部，1901．,108p ： 図版 ； 19cm．,
MCJB06129,6129,哈爾浜・哈爾浜市街図 ／ 南満洲鉄道株式会社．,,[大連] ： 満鉄，1933．,1枚．,
MCJB06131,6131,河南省兵要地誌概説 ／ 参謀本部．,,[東京] ： 参謀本部，1938．,48p ： 図版，地図，表 ； 22cm．,
MCJB06132,6132,全支抗日戦線設定ニ関スル共産党ノ活躍 ／ 外務省調査部第三課．,,[東京] ： 外務省調査部第三課，1936．,31p ； 27cm．,
MCJB06135(2),6135(2),中華民国地方軍及海軍一覧表 ／ 外務省情報部第一課[編]．,,[東京] ： 外務省情報部第一課，1931．,1枚 ； 76×58cm．,
MCJB06138-HTML,6138,宣伝宣撫参考手帖 ／ 杉山部隊報道課．,,[出版地上明] ： 杉山部隊報道課，1939．,240p ； 19cm．,
MCJB06140,6140,支那調査関係連合会所属各機関調査実施計画 ／ 支那調査関係機関連合会．,,[出版地上明] ： 支那調査関係機関連合会，1941．,1冊 ； 36cm．,
MCJB06150,6150,中共の市場管理と物価対策 ／ 中日貿易促進会．,,東京 ： 中日貿易促進会，1949．,50p ； 21cm．,
MCJB06187,6187,漢口反日会の暴状に就て ／ 漢口日本人居留民会，漢口日本商工会議所．,,[漢口 ： 漢口日本商工会議所]，1929．,15p ； 24cm．,
MCJB06191,6191,中共政策覚書 ／ 駐日米国大使館．,,[東京] ： 駐日米国大使館，1958．,36p ； 19cm．,
MCJB06198(1),6198,ソ中関係 ： 1917-1957年記録集 ／ [ソ連邦科学アカデミー中国学研究所]．,,[出版地上明] ： ソ連邦科学アカデミー中国学研究所，1960．,5冊 ； 25cm．,
MCJB06198(2),6198,ソ中関係 ： 1917-1957年記録集 ／ [ソ連邦科学アカデミー中国学研究所]．,,[出版地上明] ： ソ連邦科学アカデミー中国学研究所，1960．,5冊 ； 25cm．,
MCJB06198(3),6198,ソ中関係 ： 1917-1957年記録集 ／ [ソ連邦科学アカデミー中国学研究所]．,,[出版地上明] ： ソ連邦科学アカデミー中国学研究所，1960．,5冊 ； 25cm．,
MCJB06198(4),6198,ソ中関係 ： 1917-1957年記録集 ／ [ソ連邦科学アカデミー中国学研究所]．,,[出版地上明] ： ソ連邦科学アカデミー中国学研究所，1960．,5冊 ； 25cm．,
MCJB06198(5),6198,ソ中関係 ： 1917-1957年記録集 ／ [ソ連邦科学アカデミー中国学研究所]．,,[出版地上明] ： ソ連邦科学アカデミー中国学研究所，1960．,5冊 ； 25cm．,
MCJB06202,6202,中共の東南ア諸国に対する共産活動 ／ 外務省アジア局第二課．,,[東京] ： 外務省アジア局第二課，1956．,86p ； 23cm．,（アニ調書 ； 第21号）
MCJB06203,6203,最近支那及満洲ニ於ケル共産運動概況 ／ 外務省東亜局第二課．,,[東京] ： 外務省東亜局第二課，1935．,131p ： 地図 ； 27cm．,
MCJB06204,6204,支那及満洲ニ於ケル最近ノ共産運動資料 ／ 外務省東亜局第二課．,,[東京] ： 外務省東亜局第二課，1934．,187p ： 地図，表 ； 27cm．,
MCJB06205,6205,支那ソヴェートノ抗日新方略 ／ 国民資料編纂所．,,東京 ： 国民資料編纂所，1936．,47p ： 表 ； 27cm．,
MCJB06208,6208,支那及満洲ニ於ケル共産運動概説 ： 昭和十二年十二月＊十三年十一月 ／ 外務省東亜局第二課．,,[東京] ： 外務省東亜局第二課，1938．,105p ； 23cm．,
MCJB06209,6209,支那及満洲ニ於ケル共産運動 ： 昭和十一年十二月＊十二年十一月 ／ 外務省東亜局第二課．,,[東京] ： 外務省東亜局第二課，1938．,115p ： 表 ； 23cm．,
MCJB06222,6222,1933年ニ於ケル支那及満洲ノ共産運動概況 ／ 外務省亜細亜局第二課．,,[東京] ： 外務省亜細亜局第二課，1933．,128p ； 27cm．,
MCJB06224,6224,満鉄所管鉄道図 ／ 鉄道総局．,,[出版地上明] ： 鉄道総局，1936．,1枚．,
MCJB06225,6225,中華民国鉄道全図 ／ 鉄道省運輸局．,,[出版地上明] ： 鉄道省運輸局，1936．,1枚．,
MCJB06243,6243,昭和三年度対支貿易 ： 自一月至十月 ／ 外務省通商局．,,[東京] ： 外務省通商局，1929．,26p ； 23cm．,
MCJB06251,6251,興亜院の指導精神に就て ／ 興亜院．,,[東京] ： 興亜院，1939．,17p ； 21cm．,
MCJB06306,6306,北支経済及資源ニ関スル諸統計資料 ／ 陸軍省新聞班．,,[出版地上明] ： 陸軍省新聞班，1938．,25丁 ； 26cm．,
MCJB06307,6307,華僑調査．,,1938,1冊 ； 27cm．,
MCJB06309,6309,台湾概観．,,1955,18p ； 28cm．,
MCJB06319,6319,家理研究資料．,,,7，7p ； 25cm．,
MCJB06322,6322,第二次中華全国ソヴィエット代表大会記録．,,1934,11，36p ； 25cm．,
MCJB06324,6324,中共の人民公社について ／ 外務省情報文化局．,,[東京] ： 外務省情報文化局，1959．,9p ； 21cm．,
MCJB06325(1),6325,共産党資料旬報 ／ 満洲国協和会．,第23，29，30号．,[出版地上明] ： 満洲国協和会，1934．,3冊 ； 27cm．,
MCJB06325(2),6325,共産党資料旬報 ／ 満洲国協和会．,第23，29，30号．,[出版地上明] ： 満洲国協和会，1934．,3冊 ； 27cm．,
MCJB06327,6327,支那共産党崩潰ノ必然性 ／ 中央日報社．,,[出版地上明] ： 中央日報社，1934．,10丁 ； 28cm．,
MCJB06329,6329,共産主義中央アジア．,,1960,140p ； 25cm．,
MCJB06331,6331,帝国の朝鮮統治策 ： 東亜新秩序建設の見地より ／ 昭和研究会．,,[出版地上明] ： 昭和研究会，1939．,49p ； 28cm．,（東亜政治研究会資料 ； 1）
MCJB06336,6336,諸外国農業政策事情 ／ 興亜院経済部．,,[東京] ： 興亜院経済部，1940．,21丁 ； 26cm．,（対支農業協力資料 ； 第7号）
MCJB06337,6337,西安クーデターの全貌 ／ 外務省情報部．,,[東京] ： 外務省情報部，1937．,10p ； 21cm．,
MCJB06360,6360,安保改定と中共の対日論調 ／ 国際善隣倶楽部アジア資料室．,,[出版地上明] ： 国際善隣倶楽部アジア資料室，1959．,29p ； 26cm．,（資料 ； 第192号）
MCJB06361,6361,海南島ニ於ケル錫鉱事業ノ現状 ／ 台湾拓殖株式会社．,,,10丁 ； 28cm．,
MCJB06363-HTML,6363,総同盟罷業ニ関スル一考察．,,1927,141p ； 29cm．,
MCJB06366,6366,北平附近教育機関概況．,,,57丁 ； 28cm．,
MCJB06369,6369,中国各党各派幹部人吊録 ／ 中華研究処．,,[出版地上明] ： 中華研究処，1946．,11p ； 26cm．,
MCJB06378,6378,中共分析 ／ 外務省アジア局中国課．,,[東京] ： 外務省アジア局中国課，1959．,662，31p ： 地図，表 ； 27cm．,
MCJB06385,6385,中国人民対日作戦基本綱領 ／ 中国民族武装自衛委員会籌備会．,,[出版地上明] ： 中国民族武装自衛委員会籌備会，[1934]．,16p ； 28cm．,
MCJB06386,6386,台湾に於ける土地改革の実施概況 ／ 台湾省政府民政庁地政局．,,[出版地上明] ： 台湾省政府民政庁地政局，1956．,20p ： 表 ； 27cm．,
MCJB06387,6387,中華ソヴィエット共和国中央ソヴィエット組織法．,,1934,6p ； 27cm．,
MCJB06392,6392,第二期抗戦と中国共産党 ／ 日本国際協会特別調査部．,,東京 ： 日本国際協会特別調査部，1938．,35p ； 28cm．,（事変下支那国内事情 ； 第9輯）
MCJB06404,6404,漢口に於ける第一，二特別区撤廃問題に関する件 ／ 漢口日本商工会議所．,,[漢口] ： 漢口日本商工会議所，1929．,8p ； 24cm．,
MCJB06405-2-HTML,6405,中国の学生 ／ 中華全国学生連合会．,,[出版地上明] ： 中華全国学生連合会，1955．,36p ； 21cm．,
MCJB06407-HTML,6407,最近華北ニ於ケル中国共産運動ノ概況 ／ 在北京日本大使館警務部．,,[北京] ： 在北京日本大使館警務部，1939．,73p ； 27cm．,
MCJB06408,6408,中国民主化の方向 ： 戦勝から国民大会召集への経過記録 ／ 朝日新聞社研究室．,,[出版地上明] ： 朝日新聞社研究室，1946．,30，41p ； 26cm．,
MCJB06412,6412,膠州湾征独地図 ／ 大阪朝日新聞社．,,[大阪] ： 大阪朝日新聞社，1914．,1枚．,
MCJB06416,6416,日独戦争地図 ／ 大阪毎日新聞社．,,[大阪] ： 大阪毎日新聞社，1914．,1枚．,
MCJB06417,6417,日独戦局地図 ／ 大阪朝日新聞社．,,[大阪] ： 大阪朝日新聞社，1914．,1枚．,
MCJB06419,6419,最近における台湾問題に対するソ連の動向 ／ 外務省欧米局第六課．,,[東京] ： 外務省欧米局第六課，1955．,36p ； 26cm．,（欧六資料 ； 第109号）
MCJB06422,6422,1956年度中共予算の分析 ： 5カ年計画の一断面 ／ 外務省アジア局第二課．,,[東京] ： 外務省アジア局第二課，1956．,13，4p ； 26cm．,
MCJB06423,6423,人民公社の深刻な革命性 ／ 国際善隣倶楽部アジア資料室．,,[出版地上明] ： 国際善隣倶楽部アジア資料室，1958．,20p ； 26cm．,（資料 ； 第173号）
MCJB06424,6424,人民公社とは何か ： 生まれ出た原因とその性格と内容 ／ 国際善隣倶楽部アジア資料室．,,[出版地上明] ： 国際善隣倶楽部アジア資料室，1958．,21p ； 26cm．,（資料 ； 第167号）
MCJB06434,6434,中国の土法製鉄と製鋼 ／ 日本鉄鋼連盟調査局．,,[出版地上明] ： 日本鉄鋼連盟調査局，1959．,60p ； 25cm．,
MCJB06435,6435,中国の鉄鋼業 ／ 日本鉄鋼連盟調査局．,,[出版地上明] ： 日本鉄鋼連盟調査局，1959．,32p ； 25cm．,（海外調査資料 ； 第7号）
MCJB06438,6438,国民党ト日支外交 ／ 外務省情報部．,,[東京] ： 外務省情報部，1933．,9p ； 27cm．,（情報部資料支那 ； 第3号）
MCJB06441,6441,民団制度ノ考察 ／ 外務省情報部．,,[東京] ： 外務省情報部，1933．,11p ； 27cm．,（情報部資料支那 ； 第7号）
MCJB06442,6442,外交関係ニュースヨリ見タル支那事変 ／ 外務省情報部新聞研究室．,第2-5輯．,[東京] ： 外務省情報部新聞研究室，1937．,1冊 ； 27cm．,
MCJB06444,6444,中国共産党ノ最近ニ於ケル質的変化ト党内強化ノ現況 ／ 外務省調査部第六課．,,[東京] ： 外務省調査部第六課，1942．,97p ； 27cm．,（調六調書 ； 第21号）
MCJB06447,6447,中共の1954年国家予算 ／ 外務省アジア局第二課．,,[東京] ： 外務省アジア局第二課，1954．,22p ； 26cm．,（亜ニ調書 ； 第12号）
MCJB06448,6448,陝甘寧辺区第二次参議会ト中国共産党ノ辺区建設ノ現況 ／ 外務省調査部第六課．,,[東京] ： 外務省調査部第六課，1942．,74p ； 26cm．,（調六調書 ； 第18号）
MCJB06452,6452,最近ニ於ケル中国紅軍動静概況 ／ 外務省東亜局第二課．,1-7．,[東京] ： 外務省東亜局第二課，1936-37．,1冊 ； 28cm．,
MCJB06453,6453,中国党政関係重要法規抜萃 ／ 外務省亜細亜局第一課．,,[東京] ： 外務省亜細亜局第一課，1933．,42p ； 27cm．,
MCJB06457,6457,最近ニ於ケル中国共産運動 ／ 外務省東亜局第二課．,,[東京] ： 外務省東亜局第二課，1937．,23p ： 地図 ； 27cm．,
MCJB06459,6459,張学良兵変ト各地反響 ／ 外務省情報部第三課．,,[東京] ： 外務省情報部第三課，1936．,39p ； 28cm．,
MCJB06464-1,6464,抗戦支那ノ動態 ／ 興亜院政務部．,第1-14号．,[東京] ： 興亜院政務部，1941-42．,3冊 ； 26cm．,
MCJB06464-2,6464,抗戦支那ノ動態 ／ 興亜院政務部．,第1-14号．,[東京] ： 興亜院政務部，1941-42．,3冊 ； 26cm．,
MCJB06464-3,6464,抗戦支那ノ動態 ／ 興亜院政務部．,第1-14号．,[東京] ： 興亜院政務部，1941-42．,3冊 ； 26cm．,
MCJB06465(2),6465,紅軍情勢 ／ 在上海日本総領事館警察部．,1933年10，11月，1934年4-12月．,[上海] ： 在上海日本総領事館警察部，1934-35．,2冊 ； 28cm．,
MCJB06472,6472,重慶政権党政軍組織並重要人吊録 ／ 同盟通信社南支総局資料室．,,[出版地上明] ： 同盟通信社南支総局資料室，1943．,32p ； 18×25cm．,（資料）
MCJB06475,6475,中共政権組織系統表．,,1944,1枚．,
MCJB06476,6476,共産軍組織系統表．,,1944,1枚．,
MCJB06477,6477,国民政府組織系統職員表 ／ 興亜院政務部第三課．,,[東京] ： 興亜院政務部第三課，1940．,2枚．,
MCJB06480,6480,中国国民党組織系統及重要職員表 ／ 外務省情報部．,,[東京] ： 外務省情報部，1932．,1枚．,
MCJB06481,6481,中国国民党組織系統図．,,1931,1枚．,
MCJB06482,6482,国民党及国民政府組織系統表．,,1928,1枚．,
MCJB06484,6484,広東党政軍各機関組織系統及重要職員表 ／ 外務省情報部．,,[東京] ： 外務省情報部，1931．,1枚．,
MCJB06485,6485,民国政党図表 ／ 外務省情報部第三課．,,,1枚．,
MCJB06486,6486,華北ニ於ケル中共党組織系統表．,,1937,1枚．,
MCJB06487,6487,軍事委員会組織系統表．,,1943,1枚．,
MCJB06488,6488,蒙古連合自治政府組織系統及職員表 ／ 興亜院政務部第三課．,,[東京] ： 興亜院政務部第三課，1942．,1枚．,
MCJB06489,6489,中国軍隊一覧表 ／ 興亜院．,,[東京] ： 興亜院，1937．,1枚．,
MCJB06490,6490,晋冀魯予辺区政府組織系統表 ／ 在上海日本総領事館特別調査班，在太原日本総領事館．,,1941,1枚．,
MCJB06491(1),6491,満洲国政府組織系統及重要職員表 ／ 外務省情報部[編]．,昭和8-10年．,[東京] ： 外務省情報部，1933-35．,3枚．,
MCJB06491(2),6491,満洲国政府組織系統及重要職員表 ／ 外務省情報部[編]．,昭和8-10年．,[東京] ： 外務省情報部，1933-35．,3枚．,
MCJB06491(3),6491,満洲国政府組織系統及重要職員表 ／ 外務省情報部[編]．,昭和8-10年．,[東京] ： 外務省情報部，1933-35．,3枚．,
MCJB06492,6492,中華民国臨時政府組織系統及重要職員表 ／ 外務省情報部．,,[東京] ： 外務省情報部，1938．,1枚．,
MCJB06493,6493,中華民国維新政府組織系統及重要職員表 ／ 外務省情報部．,,[東京] ： 外務省情報部，1938．,1枚．,
MCJB06494,6494,華北政務委員会組織職員表 ／ 興亜院政務部第三課．,,[東京] ： 興亜院政務部第三課，1942．,1枚．,
MCJB06495,6495,支那各省及特別市重要職員表 ／ 外務省情報部．,,[東京] ： 外務省情報部，1929．,1枚．,
MCJB06496(1),6496,重慶戦時党政機構系統表・各県組織関係図 ／ 同盟通信社南支総局資料室．,,[出版地上明] ： 同盟通信社南支総局資料室，1943．,2枚．,
MCJB06496(2),6496,重慶戦時党政機構系統表・各県組織関係図 ／ 同盟通信社南支総局資料室．,,[出版地上明] ： 同盟通信社南支総局資料室，1943．,2枚．,
MCJB06497,6497,国民政府組織要覧．,,,9p ； 26cm．,
MCJB06498,6498,国民政府組織系統表 ／ 興亜院華中連絡部．,,[出版地上明] ： 興亜院華中連絡部，1940．,29p ； 27cm．,（華中連絡部調査報告シアリーズ ； 第31輯）
MCJB06499(2),6499,国民政府組織系統職員表．,昭和16，18年．,1941-43．,2枚．,
MCJB06499(1),6499,国民政府組織系統職員表．,昭和16，18年．,1941-43．,2枚．,
MCJB06500(1),6500,中華民国国民政府組織系統及重要職員表 ／ 外務省情報部．,昭和6-8，11，12年．,[東京] ： 外務省情報部，1931-37．,5枚．,
MCJB06500(2),6500,中華民国国民政府組織系統及重要職員表 ／ 外務省情報部．,昭和6-8，11，12年．,[東京] ： 外務省情報部，1931-37．,5枚．,
MCJB06500(3),6500,中華民国国民政府組織系統及重要職員表 ／ 外務省情報部．,昭和6-8，11，12年．,[東京] ： 外務省情報部，1931-37．,5枚．,
MCJB06500(5),6500,中華民国国民政府組織系統及重要職員表 ／ 外務省情報部．,昭和6-8，11，12年．,[東京] ： 外務省情報部，1931-37．,5枚．,
MCJB06500(4),6500,中華民国国民政府組織系統及重要職員表 ／ 外務省情報部．,昭和6-8，11，12年．,[東京] ： 外務省情報部，1931-37．,5枚．,
MCJB06501,6501,蒋政権組織系統主要職員表．,,1941,1枚．,
MCJB06502,6502,中華人民共和国政府組織表 ／ 外務省アジア局第二課．,,[東京] ： 外務省アジア局第二課，1954．,1枚．,
MCJB06503,6503,満洲時局地図 ／ 大阪毎日新聞社．,,[大阪] ： 大阪毎日新聞社，1931．,1枚．,
MCJB06507,6507,支那政況日誌 ： 昭和7年 ／ 外務省亜細亜局第一課．,,[東京] ： 外務省亜細亜局第一課，1932．,78p ； 28cm．,
MCJB06514,6514,満洲国有鉄道写真帖 ／ 鉄路総局．,,[出版地上明] ： 鉄路総局，1935．,1冊 ； 26×38cm．,
MCJB06716,6716,北平ニ於ケル共産党ノ活動．,,[出版地上明 ： 出版者上明]，1931．,17p ； 26cm．,
MCJB06718,6718,瑞金抛棄後の中国共産軍の現状．,,[出版地上明 ： 出版者上明]，1934．,8p ； 27cm．,
MCJB06719,6719,1931年12月10日ノ国際連盟理事会決議ニ依リ任命セラレタル調査委員会報告書ニ対スル帝国政府意見書要領．,,1932,42p ； 28cm．,
MCJB06720,6720,華北青年除奸団ニ関スル件 ／ 在天津日本総領事館．,,[天津] ： 在天津日本総領事館，1937．,4p ； 28cm．,
MCJB06723,6723,蘇維埃区域状況ニ関スル件 ／ 在厦門日本領事館．,,[厦門] ： 在厦門日本領事館，1934．,7p ； 28cm．,
MCJB06724,6724,新疆の新情勢 ／ 外務省調査局第三課．,,[東京] ： 外務省調査局第三課，1946．,5p ； 26cm．,（研資料 ； 第4号）
MCJB06727,6727,南洋華僑問題 ／ 外務省情報部第三課．,,[東京] ： 外務省情報部第三課，1938．,175p ； 28cm．,
MCJB06729,6729,中共「人民公社《の実施について ／ 鉄のカーテン内人民解放後援会編 ； 中華民国駐日大使館図書室訳．,,[1959]．,14丁 ； 26cm．,
MCJB06731,6731,中国ノ水災ト其ノ災民 ／ 在上海日本総領事館．,,[上海] ： 在上海日本総領事館，1935．,117p ； 28cm．,
MCJB06732,6732,政治協商会議決定事項 ／ 中華研究処．,,[出版地上明] ： 中華研究処，1946．,10，10p ； 27cm．,（華研資料 ； 第2号）
MCJB06734,6734,中華民国事情 ／ 在中華民国日本国大使館．,,[出版地上明] ： 在中華民国日本国大使館，1957．,32p ； 27cm．,
MCJB06735,6735,最近ノ中国共産党重要文献集 ／ 外務省東亜局第二課．,2,[東京] ： 外務省東亜局第二課，1938．,104p ； 27cm．,
MCJB06759,6759,時局と国際宣伝 ／ 外務省情報部．,,[東京] ： 外務省情報部，1937．,15p ； 19cm．,
MCJB06764-HTML,6764,財団法人善隣協会趣意書・規約 ／ 善隣協会．,,東京 ： 善隣協会，1934．,11p ； 19cm．,
MCJB06776,6776,中共二年来の回顧と展望．,,[1956]．,12p ； 27cm．,
MCJB06777-HTML,6777,中共の五ヶ年計画遂行の見透し．,,[1956]．,9，7p ； 27cm．,
MCJB06778-HTML,6778,上海戦開始後出版セラレタル抗日的中国新聞雑誌，画報，書籍調査表 ／ 在上海日本総領事館．,,[上海] ： 在上海日本総領事館，1937．,8p ； 28cm．,
MCJB06780-HTML,6780,中国共産党ノ[国民党]三中全会ニ対スル合作条件 ／ 在天津日本総領事館．,,[天津] ： 在天津日本総領事館，1937．,16p ； 28cm．,
MCJB06783-HTML,6783,中国共産党中央ノ現下政治形勢ト党ノ任務ニ関スル決議 ： 1935年12月25日 ／ 在上海日本総領事館．,,[上海] ： 在上海日本総領事館，1936．,1冊 ； 28cm．,
MCJB06784-HTML,6784,紅軍将領孔荷寵投降ニ関スル件 ／ 在上海日本総領事館．,,[上海] ： 在上海日本総領事館，1934．,1冊 ； 28cm．,
MCJB06785-HTML,6785,中国共産党員中自首転向者ノ現状 ／ 在上海日本総領事館．,,[上海] ： 在上海日本総領事館，1934．,6p ； 28cm．,
MCJB06786-HTML,6786,中華ソヴィエトの最近状勢 ／ 在上海日本総領事館．,,[上海] ： 在上海日本総領事館，1934．,27p ； 28cm．,
MCJB06788-HTML,6788,中国民族武装自衞委員会最近ノ動静 ／ 在上海日本総領事館．,,[上海] ： 在上海日本総領事館，1934．,6，8p ； 28cm．,
MCJB06789-HTML,6789,中国共産党一派ノ紅軍北上抗日隊擁護運動ニ関スル件 ／ 在上海日本総領事館．,,[上海] ： 在上海日本総領事館，1934．,1冊 ； 28cm．,
MCJB06790-HTML,6790,昭和9年6月押収ノ中国共産党文献ニ関スル件 ／ 在上海日本総領事館．,,[上海] ： 在上海日本総領事館，1934．,1冊 ； 28cm．,
MCJB06791-HTML,6791,中国共産党ノ中央執行委員会第五次全体会議開催ニ関スル件 ／ 在上海日本総領事館．,,[上海] ： 在上海日本総領事館，1934．,3p ； 28cm．,
MCJB06792-HTML,6792,中華蘇維埃政府中央執行委員ノ更迭ニ関スル件 ／ 在厦門日本領事館．,,[厦門] ： 在厦門日本総領事館，1934．,5p ； 28cm．,
MCJB06793-HTML,6793,中華ソヴイエト人民共和国中央政府ノ内蒙古人民ニ対スル宣言 ／ 在上海日本総領事館．,,[上海] ： 在上海日本総領事館，1936．,10p ； 28cm．,
MCJB06902-HTML,6902,ソウイエート経済建設に関する決議．,,[1934]．,10丁 ； 25cm．,
MCJB06924-HTML,6924,自隴海鉄道（主トシテ帰徳以東）至揚子江下流（主トシテ南京以東）間兵要地誌概説 ／ 参謀本部．,,[東京] ： 参謀本部，1937．,30p ： 地図，表 ； 22cm．,
MCJB06971-HTML,6971,国際連盟に対する各国軍備の現状通報に就て ／ 陸軍省調査班．,,[出版地上明] ： 陸軍省調査班，1931．,11p ： 表 ； 19cm．,
MCJB06984-HTML,6984,日本に於ける支那研究調査機関 ／ 南満洲鉄道株式会社庶務部調査課．,,[大連] ： 満鉄庶務部調査課，1928．,118p ； 22cm．,（パンフレット ； 第47号）
MCJB06985-HTML,6985,上海を中心とせる各国宣伝諜報網の実情 ／ 興亜院華中連絡部．,,[出版地上明] ： 興亜院華中連絡部，1940．,58p ： 表 ； 26cm．,（華中連絡部調査報告シアリーズ ； 第15輯）
MCJB07004-HTML,7004,台湾地区の情勢に関するフルシチョフ首相とアイゼンハウアー大統領との間の往復書簡集 ／ 外務省欧亜局東欧課．,,[東京] ： 外務省欧亜局東欧課，1958．,47p ； 26cm．,（欧東資料 ； 第187号）
MCJB07014-HTML,7014,訪中者にたいする中共要人談話 ／ [内閣官房内閣調査室]．,,[東京] ： 内閣官房内閣調査室，1961．,120p ； 25cm．,（中共資料 ； 第1597号）
MCJB07017(1)-HTML,7017,東亜ブロック経済研究会覚書 ／ 昭和研究会事務局．,,[出版地上明] ： 昭和研究会事務局，1938-39．,2冊 ； 28cm．,
MCJB07017(2)-HTML,7017,東亜ブロック経済研究会覚書 ／ 昭和研究会事務局．,,[出版地上明] ： 昭和研究会事務局，1938-39．,2冊 ； 28cm．,
MCJB07044-HTML,7044,民政部施政概況 ／ 満洲国国務院民政部総務司調査科．,,[出版地上明] ： 満洲国国務院民政部総務司調査科，1934．,58p ： 図版 ； 23cm．,
MCJB07051-HTML,7051,支那之現状と資源分布図 ／ 東洋協会調査部．,,[出版地上明] ： 東洋協会調査部，1938．,1枚．,
MCJB07120-HTML,7120,支那各省会社一覧表 ／ 青島守備軍民政部．,,[青島] ： 青島守備軍民政部，1919．,24p ； 23cm．,
MCJB07122-HTML,7122,中国共産党史関係資料目録 ／ [日本国際問題研究所]．,,,13p ； 26cm．,
MCJB07187-HTML,7187,株主姓吊表 ／ 南満洲鉄道株式会社[編]．,昭和9年6月1日現在，昭和18年6月1日現在．,[大連] ： 満鉄，[出版年上明]．,2冊 ； 27cm．,
MCJB07189-HTML,7189,河北省現行行政組織 ／ 南満洲鉄道株式会社天津事務所調査課．,,[天津] ： 満鉄天津事務所調査課，1936．,191p ： 表 ； 26cm．,
MCJB07194-HTML,7194,中国共産党政府の重要法令 ／ 法務府特別審査局．,,[出版地上明] ： 法務府特別審査局，1952．,132p ； 21cm．,（特別審査局調査資料 ； 昭和27年5月20日号）
MCJB07195-HTML,7195,領事館執務参考書 ： 機密之部 ／ 外務省通商局．,,[東京] ： 外務省通商局，1924．,138p ； 27cm．,
MCJB07196-HTML,7196,領事館令集 ／ 外務省東亜局第三課．,,[東京] ： 外務省東亜局第三課，1938-39．,1冊 ； 23cm．,
MCJB07200-HTML,7200,支那海軍沿革志稿 ／ 海軍参謀部．,,[出版地上明] ： 海軍参謀部，1890．,134p ； 20cm．,
MCJB07201-HTML,7201,天津商工業調査 ／ 参謀本部．,,[東京] ： 参謀本部，1922．,250p ； 22cm．,
MCJB07236(1)-HTML,7236,北京労農大使館ヨリ押収シタル秘密文書 ／ 参謀本部．,第1-3，6-11号．,[東京] ： 参謀本部，1927．,9冊 ； 22cm．,
MCJB07236(2)-HTML,7236,北京労農大使館ヨリ押収シタル秘密文書 ／ 参謀本部．,第1-3，6-11号．,[東京] ： 参謀本部，1927．,9冊 ； 22cm．,
MCJB07236(3)-HTML,7236,北京労農大使館ヨリ押収シタル秘密文書 ／ 参謀本部．,第1-3，6-11号．,[東京] ： 参謀本部，1927．,9冊 ； 22cm．,
MCJB07236(4)-HTML,7236,北京労農大使館ヨリ押収シタル秘密文書 ／ 参謀本部．,第1-3，6-11号．,[東京] ： 参謀本部，1927．,9冊 ； 22cm．,
MCJB07236(5)-HTML,7236,北京労農大使館ヨリ押収シタル秘密文書 ／ 参謀本部．,第1-3，6-11号．,[東京] ： 参謀本部，1927．,9冊 ； 22cm．,
MCJB07236(6)-HTML,7236,北京労農大使館ヨリ押収シタル秘密文書 ／ 参謀本部．,第1-3，6-11号．,[東京] ： 参謀本部，1927．,9冊 ； 22cm．,
MCJB07236(7)-HTML,7236,北京労農大使館ヨリ押収シタル秘密文書 ／ 参謀本部．,第1-3，6-11号．,[東京] ： 参謀本部，1927．,9冊 ； 22cm．,
MCJB07236(8)-HTML,7236,北京労農大使館ヨリ押収シタル秘密文書 ／ 参謀本部．,第1-3，6-11号．,[東京] ： 参謀本部，1927．,9冊 ； 22cm．,
MCJB07236(9)-HTML,7236,北京労農大使館ヨリ押収シタル秘密文書 ／ 参謀本部．,第1-3，6-11号．,[東京] ： 参謀本部，1927．,9冊 ； 22cm．,
MCJB07242-HTML,7242,民国実業団来訪記録 ／ 日華実業協会．,,[出版地上明] ： 日華実業協会，1926．,1冊 ； 23cm．,
MCJB07249-HTML,7249,赤色政権ノ離脱ト晋北ノ更正 ／ 晋北自治政府公安庁特務科．,,[出版地上明] ： 晋北自治政府公安庁特務科，1938．,10，75p ： 地図，表 ； 22cm．,
MCJB07250-HTML,7250,満鉄調査部支那関係調査書目録 ／ 南満洲鉄道株式会社調査部．,,[大連] ： 満鉄調査部，1940．,47p ； 26cm．,
MCJB07255-HTML,7255,支那時局ニ躍ル主要人吊．,,1933,21p ； 27cm．,
MCJB07256-HTML,7256,満洲事変関係支那要人の氏吊及略歴 ／ 大阪市役所産業部調査課．,,[出版地上明] ： 日本経済連盟会調査課，1932．,31p ； 27cm．,
MCJB07264-HTML,7264,支那関係先輩同志姓吊録 ／ 東亜同文会．,,[出版地上明] ： 東亜同文会，1933．,34p ； 28cm．,
MCJB07265-HTML,7265,湖南省内ノ組織 ／ 参謀本部．,,[東京] ： 参謀本部，1927．,6丁 ； 28cm．,
MCJB07267-HTML,7267,上海中国人著明実業家吊簿 ／ 興亜院華中連絡部政務部．,,[出版地上明] ： 興亜院華中連絡部政務部，1940．,116p ； 26cm．,
MCJB07270-HTML,7270,武漢地方ノ労働風潮 ／ 漢口日本商業会議所．,第1-11号．,[漢口] ： 漢口日本商業会議所，1926-27．,1冊 ； 28cm．,
MCJB07302(1)-HTML,7302,阿片事件記．,,,3冊 ； cm．,
MCJB07302(2)-HTML,7302,阿片事件記．,,,3冊 ； cm．,
MCJB07302(3)-HTML,7302,阿片事件記．,,,3冊 ； cm．,
MCJB07306(1)-HTML,7306,上海港輸出入貿易明細表 ： 1927-1931 ／ 上海日本商工会議所．,,上海 ： 上海日本商工会議所，1930-32．,3冊 ； 27cm．,
MCJB07306(2)-HTML,7306,上海港輸出入貿易明細表 ： 1927-1931 ／ 上海日本商工会議所．,,上海 ： 上海日本商工会議所，1930-32．,3冊 ； 27cm．,
MCJB07306(3)-HTML,7306,上海港輸出入貿易明細表 ： 1927-1931 ／ 上海日本商工会議所．,,上海 ： 上海日本商工会議所，1930-32．,3冊 ； 27cm．,
MCJB07330-HTML,7330,転変．,,,498p ； 28cm．,
MCJB07350-HTML,7350,三民主義教授用書抜萃．,,,65p ； 28cm．,
MCJB07352-HTML,7352,支那要人系統一覧表 ／ 外務省亜細亜局第一課．,,[東京] ： 外務省亜細亜局第一課，1926．,1冊 ； 28cm．,
MCJB07353-HTML,7353,国民革命政府ノ実相ト其将来．,,1927,1冊 ； 28cm．,
MCJB07357-HTML,7357,他山ノ石．,,[出版地上明] ： 満洲国軍政部顧問部，1933．,1冊 ； 27cm．,
MCJB07426-HTML,7426,南方革命派内部ノ軋轢事情 ／ 参謀本部．,,[東京] ： 参謀本部，1927．,19丁 ； 28cm．,
MCJB07427(1)-HTML,7427,[中国国民党]中央執行委員会常務委員会会議録．,第2-7，9次．,1927,3冊 ； 28cm．,
MCJB07427(2)-HTML,7427,[中国国民党]中央執行委員会常務委員会会議録．,第2-7，9次．,1927,3冊 ； 28cm．,
MCJB07427(3)-HTML,7427,[中国国民党]中央執行委員会常務委員会会議録．,第2-7，9次．,1927,3冊 ； 28cm．,
MCJB07430-HTML,7430,北支羊毛関係資料 ／ 南満洲鉄道株式会社．,,[大連] ： 満鉄，1929-36．,1冊 ； 27cm．,
MCJB07432-HTML,7432,英米ノ対支活動 ／ 参謀本部．,,[東京] ： 参謀本部，1919．,46p ； 22cm．,
MCJB07436(1)-HTML,7436,最近に於ける列国の情勢 ／ 参謀本部．,参情報昭和1-3年年報．,[東京] ： 参謀本部，1927-29．,3冊 ； 23cm．,
MCJB07436(2)-HTML,7436,最近に於ける列国の情勢 ／ 参謀本部．,参情報昭和1-3年年報．,[東京] ： 参謀本部，1927-29．,3冊 ； 23cm．,
MCJB07436(3)-HTML,7436,最近に於ける列国の情勢 ／ 参謀本部．,参情報昭和1-3年年報．,[東京] ： 参謀本部，1927-29．,3冊 ； 23cm．,
MCJB07576-HTML,7576,山東ノ労働者 ／ 青島守備軍民政部．,,[青島] ： 青島守備軍民政部，[1920]．,344p ； 23cm．,
MCJB07653-HTML,7653,支那ニ於ケル新聞及通信ニ関スル調査 ／ 外務省情報部．,,[東京] ： 外務省情報部，1921-26．,1冊 ； 26cm．,
MCJB07656-HTML,7656,中国軍隊現状 ／ 日本電報通信社北京支局．,,[北京] ： 日本電報通信社北京支局，1928．,11p ； 20cm．,
MCJB07822-HTML,7822,支那ニ於ケル政党結社調査 ／ 在上海日本総領事館．,,[上海] ： 在上海日本総領事館，1912．,1冊 ； 26cm．,
MCJB07828-HTML,7828,民衆ハ如何ニ抗戦スベキカ ： 中国国民党中央執行委員会宣伝部発行ノ小冊子ノ繙釈ナリ ／ 陸軍特務部．,,[出版地上明] ： 陸軍特務部，1938．,52p ； 23cm．,
MCJB07829-HTML,7829,支那抗日游撃戦ノ諸問題 ／ 漢口軍特務部．,,[漢口] ： 漢口軍特務部，1939．,126p ； 23cm．,
MCJB07830-HTML,7830,中国青年運動と国共両党の方策 ／ 在上海日本総領事館．,,[上海] ： 在上海日本総領事館，[1939序]．,67p ； 23cm．,
MCJB07832-HTML,7832,支那全国ニ於ケル主ナル団体調査抄一覧．,,1929,10丁 ； 25cm．,
MCJB07911-HTML,7911,袖珍清国及近傍諸州図 ／ 外務省．,,[東京] ： 外務省，1870．,1枚．,
MCJB07985-HTML,7985,一九三二年の満洲及支那事情 ／ 大阪商工会議所．,上．,大阪 ： 大阪商工会議所，1933．,12，295p ； 23cm．,
MCJB08006-HTML,8006,済南事件に対する支那側の逆宣伝 ／ 神戸商工会議所．,,[神戸] ： 神戸商工会議所，1928．,52p ； 23cm．,（対露支貿易時報号外 ； 第16輯）
MCJB08009-HTML,8009,国際スパイ戦ノ全貌 ／ 東天紅調査部．,,,１冊 ； 28cm．,
MCJB08011-HTML,8011,新四軍ノ陣容トソノ動向．,,,1冊 ； 28cm．,
MCJB08016-HTML,8016,農畜産物需給関係資料 ／ 南満洲鉄道株式会社北支事務局調査室．,,[出版地上明] ： 満鉄北支事務局調査室，1938．,39p ； 27cm．,
MCJB08017-HTML,8017,上海ニ於ケル反日新聞雑誌ノ近況．,,[大連] ： 総務室弘報課，1938．,30p ； 28cm．,（総弘情13第3号ノ33）
MCJB08018-HTML,8018,冀東政府輸入税率 ／ 青島日本商工会議所．,,,1冊 ； 27cm．,
MCJB08019-HTML,8019,冀東沿海輸入貨物陸揚ゲ検査暫行規則・冀東沿海輸入貨物陸揚ゲ検査申請及検査費紊付規則 ／ 青島日本商工会議所．,,,1冊 ； 27cm．,
MCJB08020-HTML,8020,北支製鉄企業成績予想一覧表 ／ 興中公司．,,[出版地上明] ： 興中公司，1937．,1冊 ； 26cm．,
MCJB08021-HTML,8021,漢治萊煤鉄公司ノ沿革ノ現状 ／ 中支派遣軍報道部．,,[出版地上明] ： 中支派遣軍報道部，1938．,14p ； 27cm．,（武漢方面調査資料 ； 3）
MCJB08027-HTML,8027,北京ニ於ケル新聞社，通信社並検閲機関，同業団体ノ現況．,,[大連] ： 総裁室弘報課，1938．,78p ； 28cm．,（総弘情13第3号ノ31）
MCJB08028-HTML,8028,事変下広東省ニ於ケル経済諸情勢．,,[出版地上明] ： 総裁室弘報課，1938．,36p ； 27cm．,（総弘情13第2号ノ14）
MCJB08029-HTML,8029,天津外国祖界問題座談会 ／ 天津経済記者倶楽部．,,天津 ： 天津経済記者倶楽部，1939．,47p ； 27cm．,
MCJB08030-HTML,8030,中華匯業銀行関係書類．,,,12p ； 27cm．,
MCJB08031-HTML,8031,北支ニ於ケル現行行政機関 ／ 支那駐屯軍司令部[編]．,,[出版地上明] ： 支那駐屯軍司令部，1934．,95p ： 表 ； 28cm．,（天調 ； 第25号）
MCJB08043-HTML,8043,占領地区ニ於ケル関税問題 ／ 総裁室弘報課編．,,[大連] ： 総裁室弘報課，1938．,20p ； 27cm．,（総弘情13第3号ノ88）
MCJB08046-HTML,8046,中華匯業銀行ノ設立事情其ノ後ノ経過．,,1931,49p ； 27cm．,
MCJB08047-HTML,8047,国民党臨時全国代表大会重要決議ト之カ具体的実施状況．,,[出版地上明] ： 総裁室弘報課，1938．,36p ； 27cm．,（総弘情 ； 13第2号ノ13）
MCJB08048-HTML,8048,中支那振興株式会社投資諸会社ノ現況．,,1938,45p ； 27cm．,
MCJB08049-HTML,8049,日支事変ト支那対外貿易 ／ 陸軍省新聞班．,,[出版地上明] ： 陸軍省新聞班，1937．,13丁 ； 26cm．,（資料 ； 第46号）
MCJB08050-HTML,8050,石景山製鉄所復興企業計画案 ： 銑鉄九万屯製造ノ場合 ／ 興中公司．,,[出版地上明] ： 興中公司，1936．,6p ； 26cm．,
MCJB08052-HTML,8052,事変ヲ契機トスル西南各省ノ貿易 ／ 南満洲鉄道株式会社調査部．,,[大連] ： 満鉄調査部，1939．,1冊 ； 25cm．,
MCJB08053-HTML,8053,武漢ノ経済的価値 ／ 中支派遣軍報道部．,,[出版地上明] ： 中支派遣軍報道部，1938．,22p ； 27cm．,（武漢方面調査資料 ； 2）
MCJB08056(1)-HTML,8056,通貨ニ関スル図表．,,1941,1冊 ； 28cm．,
MCJB08056(2)-HTML,8056,通貨ニ関スル図表．,,1941,1冊 ； 28cm．,
MCJB08056(3)-HTML,8056,通貨ニ関スル図表．,,1941,1冊 ； 28cm．,
MCJB08057-HTML,8057,中国新通貨の機能発揮図解及現通貨制度下に於ける物資逃避の趨勢．,,1941,1冊 ； 30cm．,
MCJB08058-HTML,8058,昌黎地方密輸入状況，他．,,,6p ； 27cm．,
MCJB08061-HTML,8061,満洲経済建設第一期綜合計画案 ： 第1-3章 ／ 経済調査会第一部．,,[出版地上明] ： 経済調査会第一部，1933．,61p ； 28cm．,
MCJB08062-HTML,8062,満洲国ノ国籍問題 ／ 経済調査会第五部．,,[出版地上明] ： 経済調査会第五部，1932．,1冊 ； 26cm．,
MCJB08075-HTML,8075,竜烟鉄鉱ヲ使用スル製鉄業 ： 内地ト北支成績予想比較表 ／ 興中公司．,,[出版地上明] ： 興中公司，1936．,11p ； 26cm．,
MCJB08076-HTML,8076,対支四国借款団ト日満借款関係 ／ 経済調査会第五部．,,[出版地上明] ： 経済調査会第五部，1932．,18p ； 26cm．,
MCJB08077-HTML,8077,関東庁行政権ノ附属地ニ及ホス範囲調 ： 諸法規類 ／ 南満洲鉄道株式会社経済調査会．,,[大連] ： 満鉄経済調査会，1930．,25p ； 27cm．,
MCJB08114-HTML,8114,国際的に見た済南事件．,,,16丁 ； 27cm．,
MCJB08115-HTML,8115,済南事件ノ真相．,,,6丁 ； 27cm．,
MCJB08116-HTML,8116,支那国民ヲシテ排日抗日侮日ノ感情ヲ育成助長セシメタル各種事例ノ若干に就テ．,,,1冊 ； 26cm．,
MCJB08118-HTML,8118,統一途上ニ於ケル支那朝野ノ趨向ニ就テ ／ 中国経済研究所．,,[出版地上明] ： 中国経済研究所，1937．,70p ： 表 ； 23cm．,
MCJB08132-HTML,8132,黒竜会四十年事歴 ／ 黒竜会．,,東京 ： 黒竜会，1940．,78p ： 図版 ； 22cm．,
MCJB08156-HTML,8156,南支南洋ニ於ケル邦人状況 ／ 台湾銀行調査課[編]．,,[出版地上明] ： 台湾銀行調査課，1919．,14，456p ； 23cm．,
MCJB08178-HTML,8178,中国聯合準備銀行ノ機構及政策ニ就テ ／ 中国聯合準備銀行顧問室．,,[出版地上明] ： 中国聯合準備銀行顧問室，1942．,42，40p ； 27cm．,
MCJB08218-HTML,8218,歴代重役及監理官一覧表 ／ 南満洲鉄道株式会社．,,1936,1帖．,
MCJB08223-HTML,8223,今次ノ北支民衆運動概要．,,,20p ： 地図，表 ； 23cm．,
MCJB08224-HTML,8224,匪賊専用語 ／ 軍事調査部．,,,21p ； 14cm．,
MCJB08236-HTML,8236,留日支那海軍武官ノ現状 ： 大正十三年六月調 ／ 海軍軍令部．,,,1冊 ； 27cm．,
MCJB08237-HTML,8237,最近一箇年ニ於ケル支那ノ情況 ／ 海軍軍令部．,,,42p ： 地図，表 ； 23cm．,
MCJB08238-HTML,8238,支那重要人吊録 ： 民国十三年十二月現在 ／ 日本銀行調査局．,,[東京] ： 日本銀行調査局，1925．,21，104p ： 表 ； 23cm．,
MCJB08241-HTML,8241,支那軍隊兵力一覧表 ： 大正四年二月参謀本部調 ／ 海軍軍令部．,,,1枚．,
MCJB08242-HTML,8242,独国東洋艦隊並墺洪国在東洋軍艦職員表．,,,1枚．,
MCJB08243-HTML,8243,独国膠州湾並墺洪国支那駐剳隊職員表．,,,1枚．,
MCJB08244-HTML,8244,中部山東半島図 ： 大正三年一月調．,,,1枚．,
MCJB08252-HTML,8252,全支組合総覧 ／ 中国通信社．,昭和18年版．,上海 ： 中国通信社，1942．,34，918p ： 表 ； 27cm．,
MCJB08302-HTML,8302,漢口ニ於ケル上動産慣行調査報告 ／ 南満洲鉄道株式会社上海事務所調査室．,其五．,[上海] ： 満鉄上海事務所調査室，1942．, [内容] 其五： 公有地ノ整理．,（中支都市上動産慣行調査資料 ； 第43輯）
MCJB08312-HTML,8312,蒋介石ノ北伐完了以降全支統一ノタメ採リタル対策ニ関スル研究 ／ 東亜研究所．,,[東京] ： 東亜研究所，1943．,213p ； 26cm．,
MCJB08314-HTML,8314,通州漷県地畝原案．,,[東京] ： 東亜研究所第六調査委員会，1940．,184p ； 26cm．,
MCJB08352-HTML,8352,大正四年日支交渉ニ関スル公文書．,,1915,80p ； 27cm．,
MCJB08359-HTML,8359,南京に於ける南軍暴逆事件事実調査 ／ 上海日本商業会議所．,,[上海] ： 上海日本商業会議所，1927．,19p ； 22cm．,
MCJB08364-HTML,8364,支那民族社会構造ノ特異性ヨリ観タル中国共産党運動ノ実体トソノ効果ニ関スル研究 ／ 東亜研究所．,,東京 ： 東亜研究所，1944．,126，53p ； 25cm．,
MCJB08400-HTML,8400,支那ニ於ケル共産党ニ就テ．,,,45丁 ； 29cm．,
MCJB08450-HTML,8450,山西省単行法規集 ／ 山西省陸軍特務機関．,1,[出版地上明] ： 山西省陸軍特務機関，1940．,159p ： 表 ； 23cm．,
MCJB08452-HTML,8452,中国共産党党教科書 ／ 中国共産党中央華北局党学校教務部編 ； 日本共産党中央委員会宣伝教育部訳．,,東京 ： 新日本出版社，1957．,117p ； 19cm．,
MCJB08460-HTML,8460,対支宣伝実施参考 ／ 中支派遣軍報道部．,,[出版地上明] ： 中支派遣軍報道部，1939．,658p ： 図版 ； 19cm．,
MCJB08466,8466,中国紅軍ソヴェート発展史梗概 ／ 台湾総督府警務局保安課．,,[出版地上明] ： 台湾総督府警務局保安課，1936．,128p ： 地図 ； 23cm．,
MCJB08469-HTML,8469,武漢陥落直前に於ける抗日戦線の動向 ： 主として左翼より見たる国共合作の将来 ／ 在上海日本総領事館特別調査班．,,[上海] ： 在上海日本総領事館特別調査班，1938．,112p ； 23cm．,
MCJB08471-HTML,8471,重慶政権ノ概貌 ／ 万和特別調査室．,,[出版地上明] ： 万和特別調査室，1944．,68，65p ： 表 ； 21cm．,
MCJB08472-HTML,8472,支那鉄道統計表 ／ [南満洲鉄道株式会社]総裁室東亜課．,,[出版地上明] ： 総裁室東亜課，1937．,1冊 ； 26cm．,
MCJB08474-HTML,8474,西南政治経済報告書．,,[1939]．,244p ； 26cm．,
MCJB08477-HTML,8477,中国共産党の対内政策と其の工作の実相 ／ 外務省情報部第三課．,,[東京] ： 外務省情報部第三課，1940．,93p ； 26cm．,（情三調 ； 第39号）
MCJB08488-HTML,8488,中国共産党ノ十七年来英雄奮闘史略報告大綱．,,[1938]．,8丁 ； 27cm．,
MCJB08538-HTML,8538,呂集団特務部月報 ： 昭和十四年十一月（第二号） ／ 呂集団特務部．,,[出版地上明] ： 呂集団特務部，1939．,1冊 ； 26cm．,
MCJB08650-HTML,8650,支那傭聘本邦人人吊表 ／ 外務省政務局．,,[東京] ： 外務省政務局，1918．,59p ； 26cm．,
MCJB08817-HTML,8817,組織ニ関スル資料 ／ 満鉄上海事務所[編]．,,[上海] ： 満鉄上海事務所，[出版年上明]．,1冊 ； 19cm．,（中国共産党上海総工会資料 ； 第1部． 中国共産党 ； 第1冊）
MCJB08818-HTML,8818,中央通告第六十一号 ； 華字通告第三十六号 ／ 満鉄上海事務所[編]．,,[上海] ： 満鉄上海事務所，[出版年上明]．,32，11p ； 28cm．,（中国共産党上海総工会資料 ； 第1部第7冊）
MCJB08819-HTML,8819,滬東区委員工作計劃 ： 七月三十日ヨリ八月卅一日ニ至ル．,,,1冊 ； 19cm．,
MCJB08820-HTML,8820,支那側刊行抗戦文献目録 ： 昭和十五年四月現在 ／ 満鉄上海事務所調査室[編]．,,[上海] ： 満鉄上海事務所調査室，[1940序]．,20p ； 19cm．,（保 ； No.26）（上調一資 ； 18）（丙資分 ； 010-44）
MCJB08821-HTML,8821,太平洋労働会議決議．,,上海 ： 満鉄上海事務所，[1927]．,50p ； 19cm．,（中国共産党上海総工会資料 ； 第1部．中国共産党 ； 第4冊）
MCJB08822-HTML,8822,[中国共産主義青年団第三次拡大会議決議] ．,,[上海] ： 満鉄上海事務所，[出版年上明]．,60p ； 19cm．,（中国共産党上海総工会資料 ； 第1部． 中国共産党 ； 第7冊）
MCJB08827-HTML,8827,風景詩台湾 ／ ジャパン・ツーリスト・ビューロー編．,第1篇．,台北 ： ジャパン・ツーリスト・ビューロー，1941．,1冊 ； 27cm．,
MCJB08966-HTML,8966,民国五年度歳出預計書．,,,1冊 ；27cm．,
MCJB08968-HTML,8968,支那陸海軍将官吊簿 ： 大正三年二月廿八日調 ／ 支那駐屯軍司令部[編]．,,[出版地上明] ： 支那駐屯軍司令部，[出版年上明]．,169p ； 26cm．,
MCJB08969-HTML,8969,第二次革命之顛末．,,,1冊 ； 25cm．,
MCJB08971-HTML,8971,第五十六回帝国議会説明参考資料 ／ [外務省]文化事業部[著]．,,[東京] ： 文化事業部，1928,510p ； 27cm．,
MCJB08973-HTML,8973,上海再編成ニ関スル方針及措置要領（案） ／ 上海市政研究会[編]．,上巻．,[出版地上明] ： 上海市政研究会，1942．,173p ； 27cm．,
MCJB08974-HTML,8974,満洲開拓青年義勇隊統計年報 ／ 満洲開拓青年義勇隊訓練本部監理科[編]．,康徳8年度版．,新京 ： 満洲開拓青年義勇隊訓練本部監理科，1941．,150p ： 図版 ； 26cm．,
MCJB09007(2)-HTML,9007,黒龍江租税志 ： 満洲租税史料 ／ [満洲財政史編纂室編]．,,[新京] ： 経済部，[1939-41序]．,2冊 ； 21-23cm．,
MCJB09007(1)-HTML,9007,黒龍江租税志 ： 満洲租税史料 ／ [満洲財政史編纂室編]．,,[新京] ： 経済部，[1939-41序]．,2冊 ； 21-23cm．,
MCJB09016-HTML,9016,袁世凱 ： 参考資料 ／ 清国駐屯軍司令部編．,,[出版地上明] ： 清国駐屯軍司令部，1910．,142丁 ； 20cm．,
MCJB09019(1)-HTML,9019,満洲幣制史料．硬幣篇，紙幣篇 ／ 財政部[総務司資料科財政史編纂股編]．,,[新京] ： 財政部，[1936序]．,2冊 ； 23cm．,
MCJB09019(2)-HTML,9019,満洲幣制史料．硬幣篇，紙幣篇 ／ 財政部[総務司資料科財政史編纂股編]．,,[新京] ： 財政部，[1936序]．,2冊 ； 23cm．,
MCJB09049-HTML,9049,特殊会社関係法規集．,,[出版地上明] ： 鉄道省，1936．,254p ； 23cm．,
MCJB09054-HTML,9054,条約集 ： 満州国及各国間諸条約 ／ 外務局総務処編．,第1巻．,[新京] ： 外務局総務処，1941．,23，643p ： 表 ； 22cm．,
MCJB09055(1)-HTML,9055,軍管理開灤炭礦調査報告書 ／ 軍管理開灤炭礦監督官室[編]．,1-11．,[出版地上明] ： 軍管理開灤炭礦監督官室，1942．,11冊 ； 21cm．,
MCJB09055(2)-HTML,9055,軍管理開灤炭礦調査報告書 ／ 軍管理開灤炭礦監督官室[編]．,1-11．,[出版地上明] ： 軍管理開灤炭礦監督官室，1942．,11冊 ； 21cm．,
MCJB09055(3)-HTML,9055,軍管理開灤炭礦調査報告書 ／ 軍管理開灤炭礦監督官室[編]．,1-11．,[出版地上明] ： 軍管理開灤炭礦監督官室，1942．,11冊 ； 21cm．,
MCJB09055(4)-HTML,9055,軍管理開灤炭礦調査報告書 ／ 軍管理開灤炭礦監督官室[編]．,1-11．,[出版地上明] ： 軍管理開灤炭礦監督官室，1942．,11冊 ； 21cm．,
MCJB09055(5)-HTML,9055,軍管理開灤炭礦調査報告書 ／ 軍管理開灤炭礦監督官室[編]．,1-11．,[出版地上明] ： 軍管理開灤炭礦監督官室，1942．,11冊 ； 21cm．,
MCJB09055(6)-HTML,9055,軍管理開灤炭礦調査報告書 ／ 軍管理開灤炭礦監督官室[編]．,1-11．,[出版地上明] ： 軍管理開灤炭礦監督官室，1942．,11冊 ； 21cm．,
MCJB09055(7)-HTML,9055,軍管理開灤炭礦調査報告書 ／ 軍管理開灤炭礦監督官室[編]．,1-11．,[出版地上明] ： 軍管理開灤炭礦監督官室，1942．,11冊 ； 21cm．,
MCJB09055(8)-HTML,9055,軍管理開灤炭礦調査報告書 ／ 軍管理開灤炭礦監督官室[編]．,1-11．,[出版地上明] ： 軍管理開灤炭礦監督官室，1942．,11冊 ； 21cm．,
MCJB09055(9)-HTML,9055,軍管理開灤炭礦調査報告書 ／ 軍管理開灤炭礦監督官室[編]．,1-11．,[出版地上明] ： 軍管理開灤炭礦監督官室，1942．,11冊 ； 21cm．,
MCJB09055(10)-HTML,9055,軍管理開灤炭礦調査報告書 ／ 軍管理開灤炭礦監督官室[編]．,1-11．,[出版地上明] ： 軍管理開灤炭礦監督官室，1942．,11冊 ； 21cm．,
MCJB09055(11)-HTML,9055,軍管理開灤炭礦調査報告書 ／ 軍管理開灤炭礦監督官室[編]．,1-11．,[出版地上明] ： 軍管理開灤炭礦監督官室，1942．,11冊 ； 21cm．,
MCJB09056-HTML,9056,支那共産党中央委員会第六回総会の決議要綱 ： 漢口失陥後に於けるコミンテルンの工作指針 ／ 東亜研究所[著]．,,[東京] ： 東亜研究所，1939．,31p ； 25cm．,（「ソ《資料丙 ； 第11号Ａ）
MCJB09068-HTML,9068,清国皇室系図．,,[出版地上明 ： 出版者上明，出版年上明]．,1枚 ； 55×78cm．,
MCJB09069-HTML,9069,太原日本人営業別案内図．,,[太原] ： 太原大日本居留民会，1938．,1枚 ； 77×107cm．,
MCJB09070(1)-HTML,9070,多端なる支那 ／ 大阪商工会議所[編]．,第1-4輯．,大阪 ： 大阪商工会議所，1932．,4冊 ； 23cm．,
MCJB09070(2)-HTML,9070,多端なる支那 ／ 大阪商工会議所[編]．,第1-4輯．,大阪 ： 大阪商工会議所，1932．,4冊 ； 23cm．,
MCJB09070(3)-HTML,9070,多端なる支那 ／ 大阪商工会議所[編]．,第1-4輯．,大阪 ： 大阪商工会議所，1932．,4冊 ； 23cm．,
MCJB09070(4)-HTML,9070,多端なる支那 ／ 大阪商工会議所[編]．,第1-4輯．,大阪 ： 大阪商工会議所，1932．,4冊 ； 23cm．,
MCJB09143-HTML,9143,満鉄の現況 ／ 南満洲鉄道株式会社調査課編．,,[大連] ： 満鉄，1925．,57p ： 地図，表 ； 19cm．,
MCJB09144-HTML,9144,満洲国北満学院要覧 ： 康徳8年度 ／ 満洲国北満学院[編]．,,哈爾浜 ： 北満学院，1941．,72p ； 18cm．,
MCJB09145-HTML,9145,留学生預備校一覧 ： 自康徳八年一月至康徳九年五月．,,[出版地上明] ： 留学生預備校，1942．,145p ： 表 ； 19cm．,
MCJB09152-HTML,9152,[満洲国協和会指導原理参考資料]．,,,1冊 ； 29cm．,
MCJB09160-HTML,9160,南満洲鉄道株式会社経営学校規則要覧 ／ 南満洲鉄道地方部学務課[編]．,,[大連] ： 満鉄地方部学務課，1928．,219p ： 表 ； 23cm．,
MCJB09279(1)-HTML,9279,天津貿易年報 ／ 在天津日本総領事館編．,大正7，9-11年度．,[天津] ： 天津日本人商業会議所，[出版年上明]．,4冊 ； 27cm．,
MCJB09279(2)-HTML,9279,天津貿易年報 ／ 在天津日本総領事館編．,大正7，9-11年度．,[天津] ： 天津日本人商業会議所，[出版年上明]．,4冊 ； 27cm．,
MCJB09279(3)-HTML,9279,天津貿易年報 ／ 在天津日本総領事館編．,大正7，9-11年度．,[天津] ： 天津日本人商業会議所，[出版年上明]．,4冊 ； 27cm．,
MCJB09279(4)-HTML,9279,天津貿易年報 ／ 在天津日本総領事館編．,大正7，9-11年度．,[天津] ： 天津日本人商業会議所，[出版年上明]．,4冊 ； 27cm．,
MCJB09306-HTML,9306,朝鮮駐劄軍隷属部隊予定配置図 ： 明治四十三年十一月下旬ニ於ケル．,,[出版地上明 ： 出版者上明，出版年上明]．,1枚 ； 106×60cm．,
MCJB09307-HTML,9307,韓国駐劄軍隷属部隊配置図 ： 鉄道沿線ノ警備ヲ主トシテ執リタル　月　日以後ニ於ケル配置．,,[出版地上明 ： 出版者上明，出版年上明]．,1枚 ； 107×60cm．,
MCJB09417-HTML,9417,蘇北地区綜合調査報告 ／ [在上海大日本帝国大使館事務所編]．,,[東京] ： 大東亜省，1943．,527p ： 地図 ； 22cm．,（調査資料 ； 第18号）（中支調査資料 ； 第588号）（綜合資料 ； 第26号）
MCJB09420-HTML,9420,仏印資源調査団報告．,第1輯其2．,[東京] ： 大東亜省南方事務局，1944．,443p ： 地図，表 ； 22cm．,
MCJB09423-HTML,9423,ソ聯邦重要研究資料彙報 ／ 企画院第一調査室[編]．,第9号．,[東京] ： 企画院第一調査室，1939．,78p ； 22cm．,
MCJB09424-HTML,9424,蘇聯邦第一次五ケ年計画原案 ／ 企画院[調査部編訳]．,,[東京] ： 企画院，[1938序]．,590p ； 21cm．,
MCJB09430-HTML,9430,朝鮮米穀関係例規 ／ 朝鮮総督府農林局米穀課編．,,京城 ： 朝鮮地方行政学会，1937．,14，655p ； 20cm．,
MCJB09431-HTML,9431,台湾に於ける小作事情と其の改善施設．,,[台北] ： 台湾総督府殖産局，1936．,90p ； 23cm．,
MCJB09432-HTML,9432,東清鉄道附属業務 ： 千九百九年十月大蔵大臣ニ提出セル東清鉄道業務ニ関スル報告ノ内．,,[出版地上明 ： 出版者上明，出版年上明]．,76p ； 23cm．,
MCJB09433-HTML,9433,一九〇九年ニ於ケル松花江ノ船舶 ： 一九〇九年十月一日東清鉄道庁カ大蔵大臣ニ提出セル東清鉄道業務一切ニ関スル報告ノ内．,,,9p ： 表 ； 23cm．,
MCJB09434-HTML,9434,東清鉄道庁状態及東清，烏蘇里，蘇城諸鉄道ノ技術一般 ： 一九〇九年十月大蔵大臣ニ提出セル東清鉄道業務ニ関スル報告ノ内．,,[出版地上明 ： 出版者上明，出版年上明]．,61p ； 23cm．,
MCJB09435-HTML,9435,華中鉄道沿線案内．,,[出版地上明] ： 華中鉄道株式会社，[1939序]．,96p ： 図版，地図 ； 19cm．,
MCJB09437-HTML,9437,東亜同文書院支那研究部事業報告 ／ 東亜同文書院支那研究部著．,,[出版地上明] ： 東亜同文書院支那研究部，1923．,13p ； 23cm．,
MCJB09477-HTML,9477,支那電政一斑 ／ 朝鮮銀行東京調査支局[編]．,,[出版地上明] ： 朝鮮銀行東京調査支局，[1919序]．,24p ： 地図 ； 23cm．,
MCJB09498-HTML,9498,満業在満関係会社定款集 ／ 満洲重工業開発株式会社[編]．,,新京 ： 満洲重工業開発株式会社，1940．,159p ； 23cm．,
MCJB09499-HTML,9499,千九百八年千九百九年前半期東清烏蘇里両鉄道輸送営業報告 ： 千九百九年十月大蔵大臣ニ提出セル東清鉄道業務ニ関スル報告ノ内．,,[出版地上明 ： 出版者上明，出版年上明]．,83p ： 表 ； 23cm．,
MCJB09502-HTML,9502,北支那商品輸出入額類別港別相手国別表（未定稿） ： 一九三六年・一九三七年 ／ 東亜研究所[編]．,,東京 ： 東亜研究所，1940．,94p ； 26cm．,（資料丙 ； 第115号Ｄ）
MCJB09506-HTML,9506,蘭印農産資源 ／ 東亜研究所[編]．,1,東京 ： 東亜研究所，1942．,160p ： 図版 ； 25cm．,（資料丙 ； 第274号ノ1Ｃ． 第八調査委員会資料 ； 16ノ1）
MCJB09515-HTML,9515,比律賓の地形及び産業図 ： 1939年 ／ 東亜研究所[訳]．,,[東京] ： 東亜研究所，1943印刷．,1枚 ； 73×50cm．,（資料丙 ； 第284号Ｃ）
MCJB09525-HTML,9525,台湾米穀要覧 ／ 台湾総督府食糧局[編]．,昭和17年．,[台北] ： 台湾総督府食糧局，1942．,134p ； 22cm．,（食糧局出版 ； 第1号）
MCJB09527-HTML,9527,関東都督府施政誌 ： 自明治三十九年至大正五年．,,[出版地上明] ： 関東都督府官房文書課，1919．,16，578p ； 26cm．,
MCJB09530-HTML,9530,外情関係保有資料目録．,第1号．,[東京] ： 企画院総裁官房調査課，1942．,182p ； 26cm．,（外協目録 ； 第3号）
MCJB09531-HTML,9531,外国電信特別協約集．,第2輯．,[東京] ： 逓信省電務局，[出版年上明]．,166，123p ； 23cm．,
MCJB09532-HTML,9532,主要農作物耕種梗概調．,,[京城] ： 朝鮮総督府農林局，1937．,867p ； 23cm．,
MCJB09547-HTML,9547,日支蚕糸業ノ調整方策 ／ 興亜院[技術部編]．,,[東京] ：興亜院，1941．,38p ； 22cm．,
MCJB09551-HTML,9551,華北外国貿易第三国並円域対比統計年報 ／ 興亜院華北連絡部[調査所編]．,昭和13年（其ノ3）．,[出版地上明] ： 興亜院華北連絡部，1942．,163p ； 27cm．,（調査所調査資料 ； 第179号． 経済 ； 第51号）
MCJB09576-HTML,9576,熱河承徳市街地図．,,承徳 ： 熱河事情研究所，1936．,1枚 ； 55×80cm．,
MCJB09602-HTML,9602,満洲に於ける農民の租税負担と農村機構 ／ 南満洲鉄道株式会社経済調査会第五部[編]．,,[大連] ： 満鉄，1933．,112p ； 23cm．,
MCJB09606-HTML,9606,山東省動乱絵葉書．,其1ー第4輯．,[出版地上明] ： 青島新報社写真部，[出版年上明]．,40枚 ； 14cm．,
MCJB09695(1)-HTML,9695,社員統計年報 ／ 南満洲鉄道株式会社総裁室人事課[編]．,昭和8，10，11年度．,[大連] ： 満鉄総裁室人事課，[出版年上明]．,3冊 ： 26cm．　,
MCJB09695(2)-HTML,9695,社員統計年報 ／ 南満洲鉄道株式会社総裁室人事課[編]．,昭和8，10，11年度．,[大連] ： 満鉄総裁室人事課，[出版年上明]．,3冊 ： 26cm．　,
MCJB09695(3)-HTML,9695,社員統計年報 ／ 南満洲鉄道株式会社総裁室人事課[編]．,昭和8，10，11年度．,[大連] ： 満鉄総裁室人事課，[出版年上明]．,3冊 ： 26cm．　,
MCJB09721-HTML,9721,附属地満人教育施設ニ関スル調査 ： 昭和八年六月調 ／ 地方部学務課初等教育係[編]．,,[出版地上明 ： 地方部学務課初等教育係，出版年上明]．,1冊 ； 28cm．,
MCJB09722-HTML,9722,青年訓練に就て ／ 満鉄学務課[編]．,,[大連] ： 満鉄学務課，1935．,1枚 ； 20ｘ52cm．,
MCJB09723(1)-HTML,9723,[南満洲鉄道株式会社]第三次十年史[第六章]原稿．,,[出版地上明] ： 満鉄，[出版年上明]．,1冊 ； 27cm．,
MCJB09723(2)-HTML,9723,[南満洲鉄道株式会社]第三次十年史[第六章]原稿．,,[出版地上明] ： 満鉄，[出版年上明]．,1冊 ； 27cm．,
MCJB09806-HTML,9806,中華人民共和国，中央人民政府成立関係主要資料 ／ 調査局第一課[編]．,,[東京] ： 調査局第一課，1949．,66p ； 26cm．,（調一資料 ； 24-39．中共資料 ； 23号）
MCJB09949-HTML,9949,霧社事件ノ顛末 ／ 台湾総督府[編]．,,[台北] ： 台湾総督府，[出版年上明]．,36p ： 地図 ； 23cm．,
MCJB09985-HTML,9985,中国共産党党，軍，政，組織編成表．,,[出版地上明] ： 甲集団参謀部，1944．,165p ； 23cm．,
MCJB09986-HTML,9986,重慶政権主要機構便覧．,,[出版地上明] ： 支那派遣軍参謀部，1943．,214p ； 22cm．,（参考資料 ； 第325号）
MCJB09998-HTML,9998,清国江蘇省全図．,,[東京] ： 参謀本部，[出版年上明]．,1枚 ； 88×103cm．,
MCJB10041-HTML,10041,満洲事件以後上海ニ於ケル排日状況 ／ 在華日本紡績同業会上海本部[編]．,其1-7．,[上海] ： 在華日本紡績同業会上海本部，1931．,1冊 ； 29cm．,
MCJB10242-HTML,10242,海龍地方事情 ／ [在海龍帝国領事館分館]．,,[出版地上明] ： 在鉄嶺日本領事館海龍分館，1921．,251p ： 図版 ； 26cm．,
MCJB10264-HTML,10264,中共ノ抗日根拠地ニ於ケル富農経済政策 ： 呉満有運動ニ関スル解説 ／ 在上海日本大使館事務所情報調査課思想班[訳]．,,[上海] ： 在上海日本大使館事務所情報調査課思想班，1943．,28丁 ； 26cm．,（思想資料 ； 第309号）
MCJB10265-HTML,10265,成紀七三五年度農林関係事業計画概要 ／ 晋北政庁経済庁[著]．,,[出版地上明] ： 晋北政庁経済庁，[出版年上明]．,1冊 ； 27cm．,
MCJB10266-HTML,10266,晋北管内慈善事業統計表 ／ 晋北自治政府民生庁文教科製．,,[出版地上明 ： 晋北自治政府民生庁文教科]，1939．,1冊 ； 27cm．,
MCJB10267-HTML,10267,[晋北自治政府文教関係資料]．,,,1冊 ； 27cm．,
MCJB10268-HTML,10268,[晋北自治政府管内宗教調査統計表]．,,,1冊 ； 27cm．,
MCJB10418-HTML,10418,支那ニ於ケル英国ノ経済勢力概観 ／ 満鉄天津事務所調査課[編]．,,[天津] ： 満鉄天津事務所調査課，[1937序]．,1冊 ； 26cm．,
MCJB10419-HTML,10419,支那ノ借款 ／ 日本銀行調査局[編]．,,[東京] ： 日本銀行調査局，1929．,106p ； 27cm．,（海外事情 ； 9）
MCJB10529-HTML,10529,北支・蒙疆現勢 ／ 北支那経済通信社編．,昭和13年版．,天津 ： 北支那経済通信社，1938．,747，77，10p ： 図版 ； 19cm．,
MCJB10532-HTML,10532,満洲野の露 ／ 故早川社長社葬記録編纂委員編．,,[出版地上明 ： 出版者上明]，1922．,175p ： 図版，表 ； 22cm．,
MCJB10730-HTML,10730,高砂族の教育．,,[台北] ： 台湾総督府警務局，1939．,112p ： 図版，地図 ； 22cm．,
MCJB10731-HTML,10731,重慶延安間最近ノ接衝停頓ニ就テ． 現戦局ニ対処スル重慶動向ニ就テ． 「ソ《ノ対支動向ニ関スル情報．,,,1冊 ； 26cm．,
MCJB10732-HTML,10732,国民政府南京還都後ノ対日態度 ／ 上海駐在員事務所[著]．,,[出版地上明] ： 上海駐在員事務所，1940．,17p ； 28cm．,（上時特7 ； 第17号） 
MCJB11005-HTML,11005,新民修身読本 ／ 新民会中央総会著．,,北京 ： 新民会中央総会弘報室，1941．,90p ； 15cm．,（新民叢書 ； 6）
MCJB11067-HTML,11067,支那 ： 「第六回大会を前にせるコミンテルン《 ： コミンテルン執行委員会の活動報告 ／ コミンテルン執行委員会[著] ； インプロコール社訳．,,東京 ： イスクラ閣，1929．,45p ； 20cm．,（インプロコール・パンフレット ； 第1輯）
MCJB11100-HTML,11100,中国語外交文書の書き方 ／ 外務大臣官房文書課[編]．,,[東京] ： 外務大臣官房文書課，1959．,32，570p ； 22cm．,
MCJB11105-HTML,11105,[1923年9，10月間日中往復書簡写]．,,,1冊 ； 28cm．,
MCJB11106-HTML,11106,[広東軍政府・国民政府関係資料]．,,,1冊 ； 28cm．,
MCJB11107-HTML,11107,在青露独人ノ状況ノ件．,,1920,4p ； 28cm．,
MCJB11108-HTML,11108,上海租界ノ司法制度．,,,6丁 ； 28cm．,
MCJB11109-HTML,11109,[臨城事件等土匪の外国人襲撃に関する資料]．,,,1冊 ； 28cm．,
MCJB11110-HTML,11110,支那通信．,,,8p ； 28cm．,
MCJB11111-HTML,11111,土地商租ニ関スル心得．,,,6p ； 28cm．,
MCJB11114-HTML,11114,烟酒収入ノ研究．,,,1冊 ； 28cm．,
MCJB11115-HTML,11115,支那政局各派勢力分布略表．,,,1冊 ； 28cm．,
MCJB11116-HTML,11116,民国十一年末北京に於ける政党の状況 ： 十二年一月三日漢口新聞報記事に依る．,,,7p ； 28cm．,
MCJB11117-HTML,11117,民国十二年初に於ける支那国会内の党派別 ： 民国十二年一月廿日申報掲載要領． ,,,5p ； 27cm．,
MCJB11118-HTML,11118,[中国国民党中央執行委員・監察委員一覧]．,,,6p ； 27cm．,
MCJB11119-HTML,11119,支那銀行公会聯合会ニ於ケル重要決議．,,[1923]．,10p ； 28cm．,
MCJB11120-HTML,11120,中華民国憲法（未定稿）．,,[東京] ： [外務省]情報部第一課，1923．,1冊 ； 27cm．,
MCJB11121-HTML,11121,支那憲法の制定 ／ 情報部第一課[著]．,上，下．,[東京] ： [外務省]情報部第一課，1923．,1冊 ； 27cm．,
MCJB11122-HTML,11122,支那新旧両約法ノ関係．,,[出版地上明 ： 出版者上明，出版年上明]．,1冊 ； 27cm．,
MCJB11123-HTML,11123,[清室優待条件の修正と宣統廃帝問題] ／ 情報部第一課．,,[東京] ： [外務省]情報部第一課，1924-25．,1冊 ； 28cm．,
MCJB11124-HTML,11124,松花江黒龍江航行権問題 ： 大正八年十二月調．,,,4丁 ； 27cm．,
MCJB11126-HTML,11126,[独支協定と賠償・債務問題に関する資料]．,,,1冊 ； 28cm．,
MCJB11127-HTML,11127,[中国における治外法権撤廃問題に関する資料] ．,,,1冊 ； 28cm．,
MCJB11128-HTML,11128,陸軍部武器弾薬取締ニ関スル申請文並指令 ： 民国十三年一月七日政府公報．,,,3p ； 27cm．,
MCJB11129-HTML,11129,支那ニ於ケル阿片取締法規（新[刑]律第21章）．,,,3p ； 27cm．,
MCJB11130-HTML,11130,商標法に関する支那政府の回答．,,[出版地上明 ： 出版者上明，1923]．,4p ； 27cm．,
MCJB11131-HTML,11131,借款団ト支那 ／ [外務省]情報部第一課[訳]．,,[東京] ： 情報部第一課，1923．,8p ； 28cm．,
MCJB11132-HTML,11132,[上海郵便配達夫のストライキに関する資料]．,,,1冊 ； 27cm．,
MCJB11133-HTML,11133,[1925年2月，上海の日系紡績罷業に関する新聞切抜]．,,,5枚 ； 28cm．,
MCJB11135-HTML,11135,[関税特別会議に関する資料]．,,,1冊 ； 28cm．,
MCJB11136-HTML,11136,新疆及「ソヴィエット《露国地方的通商条件締結ノ件．,,,1冊 ； 28cm．　,
MCJB11137-HTML,11137,米国海外貿易会議ト支那．,,,8p ； 28cm．,
MCJB11138-HTML,11138,国書問題ニ関スル支那政府ノ発表 ／ [中華民国外交部]著．,,[東京] ： [外務省]情報部第一課，1923,5p ； 27cm．,
MCJB11139-HTML,11139,渉外関係事件ニ対スル支那官民ノ態度報告ノ件．,,,16p ； 28cm．,
MCJB11140-HTML,11140,日本ニ関スル支那新聞記事及論調 ／ [外務省]情報部第一課[著]．,,[東京] ： [外務省]情報部第一課，1925．,1冊 ； 28cm．,（支那輿論情報 ； 第1，5，8，12，16，19，24号）
MCJB11141-HTML,11141,南満洲論 ／ [外務省]情報部第一課[著]．,,[東京] ： [外務省]情報部第一課，1923．,7p ； 27cm．,
MCJB11142-HTML,11142,五月七日前後ニ於ケル排日運動及輿論 ； 国恥記念日ニ於ケル李烈鈞ノ演説 ／ [外務省]情報部第一課．,,[東京] ： [外務省]情報部第一課，1925．,1冊 ； 28cm．,（支那輿論情報 ； 第25，26号）
MCJB11143-HTML,11143,[片馬問題資料]．,,,1冊 ； 28cm．,
MCJB11144-HTML,11144,西蔵問題ニ関スル成都辺蔵討論会ノ通電要旨．,,,1冊 ； 28cm．,
MCJB11145-HTML,11145,対支文化事業ニ対スル支那新聞記事及論調 ／ [外務省]情報部第一課著．,,[東京] ： 情報部第一課，1925．,1冊 ； 28cm．,（支那輿論情報 ； 第4，15，18号）
MCJB11147-HTML,11147,[長沙事件関係資料]．,,[東京] ： 外務省情報部第一課，1923．,1冊 ； 28cm．,
MCJB11149-HTML,11149,[中国海軍関係資料]．,,1922-25．,1冊 ； 28cm．,
MCJB11150-HTML,11150,馬賊概況 ： 大正十二年八月調．,,[出版地上明] ： 関東庁警務局保安課，[出版年上明]．,1冊 ； 28cm．,
MCJB11151-HTML,11151,内外債整理委員会ノ成立 ／ [外務省]情報部第一課著．,,[東京] ： 情報部第一課，1923．,4p ； 28cm．,（支那情報 ； 第16号）
MCJB11153-HTML,11153,支那重要日誌 ： 大正十三年九月以降．,,,1冊 ； 27cm．,
MCJB11155-HTML,11155,千九百二十三年支那ノ現勢．,,,1冊 ； 28cm．,
MCJB11158-HTML,11158,[中ソ交渉関係資料]．,,,1冊 ； 28cm．,
MCJB11159-HTML,11159,[奉ソ協定関係資料]．,,,1冊 ； 28cm．,
MCJB11160-HTML,11160,[大正11-14年日本政府の外交方針に関する資料]．,,,1冊 ； 28cm．,
MCJB11161-HTML,11161,支那ニ於ケル司法法規審査委員会条例ノ公布．,,[東京] ： [外務省]情報部第一課，[出版年上明]．,4p ； 27cm．,
MCJB11163-HTML,11163,[ワシントン会議の中国関係諸決議に関する資料]．,,,1冊 ； 28cm．,
MCJB11164-HTML,11164,[山東懸案交渉関係文書] ／ 外務省．,,[東京 ： 外務省]，1922-23．,1冊 ； 28cm．,
MCJB11165-HTML,11165,[団匪賠償金支払問題に関する資料]．,,,1冊 ； 28cm．,
MCJB11166-HTML,11166,日支共同出兵問題ノ経過．,,,1冊 ； 27cm．,
MCJB11167-HTML,11167,支那財政ノ現状 ／ [外務省]情報部第一課[著]．,,[東京] ： 情報部第一課，1923．,26，16p ； 28cm．,（支那情報号外）
MCJB11168-HTML,11168,[1921-25年北京政府及び軍閥関係資料]．,,,1冊 ； 28cm．,
MCJB11275-HTML,11275,全国経済委員会棉業統制委員会三年来工作報告 ／ 中支建設資料整備事務所編訳部[訳]．,,南京 ： 中支建設資料整備事務所編訳部，1940．,32p ； 22cm．,（編訳彙報 ； 第6編）
MCJB11276-HTML,11276,国民政府内外債整理委員会報告書 ／ 中支建設資料整備事務所編訳部[訳]．,,南京 ： 中支建設資料整備事務所編訳部，1940．,34p ； 22cm．,（編訳彙報 ； 第18編）
MCJB11279-HTML,11279,ソ中関係年誌 ： 1917年-1957年．,,[出版地上明 ： 出版者上明]，1959．,77p ； 26cm．,（ソ連・東欧資料 ； 第27号）
MCJB11285-HTML,11285,回教圏攷究所設立趣旨．,,[東京] ： 回教圏攷究所，1938．,14p ： 地図 ； 23cm．,
MCJB11309-HTML,11309,広東省糧食調整問題 ／ 興亜院華中連絡部[訳編]．,,[出版地上明] ： 興亜院華中連絡部，1942．,64p ： 表 ； 23cm．,（編訳彙報 ； 第91編）
MCJB11310-HTML,11310,洞庭湖浜の農村経済 ／ 興亜院華中連絡部[訳]．,,[出版地上明] ： 興亜院華中連絡部，1942．,68p ： 地図 ； 23cm．,（編訳彙報 ； 第90編）
MCJB11311-HTML,11311,淮南炭礦及び鉄道事業報告 ／ [淮南煤礦局編] ； 興亜院華中連絡部[訳]．,,[出版地上明] ： 興亜院華中連絡部，1942．,114p ： 地図，表 ； 23cm．,（編訳彙報 ； 第89編）
MCJB11314-HTML,11314,蒙疆案内 ／ 蒙疆聯合委員会編．,,[出版地上明 ： 出版者上明，出版年上明]．,[4]p ； 19cm．,
MCJB11347-HTML,11347,昭和研究会研究大綱 ／ 昭和研究会事務局[編]．,昭和14年度．,[出版地上明] ： 昭和研究会事務局，[1939]．,67p ； 28cm．,
MCJB11351-HTML,11351,図書目録．,第1回．,[出版地上明] ： 東亜攻究会図書館，1920．,12，48p ； 20cm．,
MCJB11352-HTML,11352,中国訪日京劇代表団演出節目．,,[出版地上明 ： 出版者上明]，1956．,8p ； 26cm．,
MCJB11354-HTML,11354,緑牡丹支那劇解説並ニ筋書． ,,[出版地上明] ： 阪神急行電鉄，1925．,54p ： 図版 ； 23cm．,
MCJB11356-HTML,11356,燕京と津埠．,,天津 ： 大和ホテル，扶桑館，1926．,16p ： 地図，表 ； 17cm．,
MCJB12039-HTML,12039,七月十二日附東亜局長半公信ノ指示事項ニ関スル附記．,,,1枚 ； 28cm．,
MCJB12194-HTML,12194,抗戦支那農業農村問題関係資料 ／ 東亜研究所上海支所[編]．,其の1-3．,[上海] ： 東亜研究所上海支所，1940．,1冊 ； 26cm．,（上支資料 ； 第3-5号）
MCJB12348-HTML,12348,山東省動乱記念写真帖．,,青島 ： 青島新報社，1928．,1冊 ； 19cm．,
MCJB12349-HTML,12349,時局写真帖 ／ 長沢写真館撮影．,,上海 ： 文房洋行，1927．,1冊 ； 20cm．,
MCJB12409-HTML,12409,青島附近案内図．,,[出版地上明] ： 青島守備軍[民政部]鉄道部，1921．,1枚 ；55×78cm．,
MCJB12410-HTML,12410,[青島]租借地略図．,,[出版地上明 ： 出版者上明]，1919．,1枚 ；40×55cm．,
MCJB12775-HTML,12775,哈爾浜花園尋常小学校校舎使用状況 ： 昭和十二年度，四月十二日現在．,,[出版地上明 ： 出版者上明，出版年上明]．,1枚 ； 26×36cm．,
MCJB12776-HTML,12776,哈爾浜第二尋常小学校要覧．,,[出版地上明 ： 出版者上明，出版年上明]．,1枚 ； 27×39cm．,
MCJB12799-HTML,12799,北支経済地理 ／ 日本評論編輯部編．,,東京 ： 日本評論社，1938．,206p ： 地図 ； 19cm．,
MCJB12818-HTML,12818,上海地図 ／ 至誠堂[製作]．,,上海 ： 至誠堂，1924．,1枚 ； 55×78cm．,
MCJB12821-HTML,12821,大済南新区劃明細地図 ／ 満洲日日新聞社済南支局[編]．,,済南 ： 満洲日日新聞社済南支局，1940．,1枚 ； 55×79cm．,
MCJB12823-HTML,12823,青島市街図．,,青島 ： 博文堂書店，[出版年上明]．,1枚 ； 40×54cm．,
MCJB13066-HTML,13066,大東亜戦勃発前ニ於ケル上海買瓣調 ／ 東亜研究所上海支所[編]．,,[上海] ： 東亜研究所上海支所，[出版年上明]．,1冊 ； 26cm．,（上海支所資料 ； 第23号）
MCJB13067-HTML,13067,香港の買瓣組合について ： 大東亜戦争前に於ける ／ 東亜研究所上海支所[編]．,,[上海] ： 東亜研究所上海支所，[出版年上明]．,1冊 ； 26cm．,（上海支所資料 ； 第25号）
MCJB13068-HTML,13068,上海に於ける買瓣の経済的勢力 ／ 東亜研究所上海支所[編]．,,[上海] ： 東亜研究所上海支所，[出版年上明]．,1冊 ； 26cm．,（上海支所資料 ； 第24号）
MCJB13069-HTML,13069,ジャーディン・マジソン会社の買瓣契約書集 ／ 東亜研究所上海支所[編]．,,[上海] ： 東亜研究所上海支所，[出版年上明]．,1冊 ； 26cm．,（上海支所資料 ； 第30号）
MCJB13117-HTML,13117,張学良錦州政権の対日交戦準備に就て ／ 陸軍省調査班[編]．,,[東京] ： 陸軍省調査班，1931．,19p ： 地図 ； 19cm．,
MCJB13142-HTML,13142,大同の吊所旧蹟．,,[出版地上明 ： 出版者上明]，1938．,9p ； 27cm．,
MCJB13144-HTML,13144,蒙疆概観 ／ 後宮部隊経理部[編]．,,[出版地上明] ： 後宮部隊経理部，1938．,52丁 ： 地図 ； 27cm．,
MCJB13307-HTML,13307,雲崗石仏寺拝観規則．,,[出版地上明] ： 晋北自治政府，1939．,1冊 ； 28cm．,
MCJB13345-HTML,13345,最新支那百科事典 ／ 実業之世界社東亜調査部編．,,東京 ： 実業之世界社，1939．,282p ； 19cm．,
MCJB13378-HTML,13378,コンサイス満洲国地図．,,東京 ： 東京地形社，1940．,1冊 ； 19cm．,
MCJB13379-HTML,13379,亜細亜東部輿地図 ／ [陸軍参謀局作成]．,,[出版地上明] ： 陸軍文庫，1875．,1鋪 ；19cm．,
MCJB13444-HTML,13444,最近踏査満韓西比利亜地図 ／ 東亜地理研究会著．,,東京 ： 弘文館，1904．,1枚 ； 115×79cm． ,
MCJB13478(1)-HTML,13478,[北京]．,,,28枚 ； 9×14cm（29cm）．,
MCJB13478(2)-HTML,13478,大上海景観．,,,7枚 ； 9×14cm．,
MCJB13544-HTML,13544,中国見本市 ： 紀念のしおり ： 1955・東京―大阪．,,,1冊 ； 19cm．,
MCJB13732-HTML,13732,海南島調査報告書 ： 農務関係．,,,206p ； 25cm．,
MCJB13738-HTML,13738,事変前後の支那財政金融 ／ 上海貿易通信社[編]．,,上海 ： 上海貿易通信社，1939．,117p ； 27cm．,（上海貿易調査資料 ； 第３輯）
MCJB13764(2)-HTML,13764,支那都市上動産慣行調査資料 ／ 南満洲鉄道株式会社調査部[編]．,第7輯６，第8輯．,[大連] ： 満鉄調査部，1942．,2冊 ； 22cm．,
MCJB13770(1)-HTML,13770,青島守備軍統計年報 ／ 青島守備軍司令部編．,第２，３，6．　,[青島] ： 青島守備軍司令部，1918-22．,3冊 ； 26cm．,
MCJB13770(2)-HTML,13770,青島守備軍統計年報 ／ 青島守備軍司令部編．,第２，３，6．　,[青島] ： 青島守備軍司令部，1918-22．,3冊 ； 26cm．,
MCJB13770(3)-HTML,13770,青島守備軍統計年報 ／ 青島守備軍司令部編．,第２，３，6．　,[青島] ： 青島守備軍司令部，1918-22．,3冊 ； 26cm．,
MCJB13921-HTML,13921,南京政府ノ国民会議召集ト中国共産党ノ批判．,,[旅順] ： 関東庁警務局，1931．,17丁 ； 27cm．,
MCJB13922-HTML,13922,国民大会後ノ中国国民党 ／ 総裁室弘報課[訳]．,,[出版地上明] ： 総裁室弘報課，1938．,42p ； 26cm．,（総弘情13第3号ノ18）
MCJB14021-HTML,14021,順義県沙井村及歴城県冷水溝荘ニ関スル資料集 ／ 満鉄北支経済調査所[編]．,,[出版地上明] ： 満鉄北支経済調査所，1941．,48p ； 31×43cm．,
MCJB14322-HTML,14322,蒙地略説．,,[出版地上明 ： 出版者上明]，1940．,43p ： 地図 ； 27cm．,
MCJB14323-HTML,14323,郭爾羅斯前旗管内土地調査報告書 ／ 興安局調査科[編]．,,[出版地上明] ： 興安局調査科，[出版年上明]．,71p ： 表 ； 27cm．,
MCJB14324-HTML,14324,郭爾羅斯前旗．,,[出版地上明 ： 吉林省公署，出版年上明]．,66p ： 表 ； 27cm．,
MCJB14326-HTML,14326,内地に於ける米穀の生産・需給並取引事情 ／ 満鉄東京支社調査室[編]．,,[東京] ： 満鉄東京支社調査室，1940．,191p ： 表 ； 26cm．,
MCJB14327-HTML,14327,河南省地丁銀目録 ／ 満鉄北支経済調査所[編]．,,[東京] ： 東亜研究所第六調査委員会，1940．,85p ； 26cm．,
MCJB14328-HTML,14328,涿州地畝原案 ／ 満鉄北支経済調査所[編]．,,[東京] ： 東亜研究所第六調査委員会，1940．,107p ； 25cm．,
MCJB14480-HTML,14480,東安順義二県地畝冊 ／ 東亜研究所第六調査委員会[編]．,,[出版地上明] ： 東亜研究所第六調査委員会，[1940前言]．,1冊 ； 26cm．,
MCJB14528-HTML,14528,満洲国「ソヴィエト《聯邦間国境条約集 ／ 外務省条約局[編]．,,[東京] ： 外務省条約局，1943．,225p ； 21cm．,
MCJB14655-HTML,14655,中国物産ニ関スル資料目録 ／ 東亜同文書院物産館編．,第1編．,上海 ： 東亜同文書院物産館，1936．,288p ； 23cm．,
MCJB14753-HTML,14753,中日対訳中華民国新六法 ／ 中華法令編印館編訳．,,北京 ： 中華法令編印館，1939．,1冊 ； 16cm．,
MCJB14781-HTML,14781,[青島・済南絵葉書]．,,[出版地上明 ： 出版者上明，出版年上明]．,1冊 ； 25cm．,
MCJB14782-HTML,14782,青島案内 ／ 同仁号出版部[編]．,,大連 ： 同仁号出版部，1914．,90p，[7]枚 ： 図版，地図 ； 18cm．,
MCJB15277-HTML,15277,河南省黄河南岸中牟県境三劉砦堵口工程撮影 ／ 臨時政府建設総署[編]． ,,[出版地上明] ： 臨時政府建設総署[印製]，1939．,[20]枚 ； 24×32cm．,
MCJB15289-HTML,15289,支那東北四省行政軍事機関一覧表 ： 昭和五年二月調 ／ 外務省情報部[編]．,,[東京] ： 外務省情報部，[1930]．,1枚 ； 59×51cm．,
MCJB15290-HTML,15290,北支鉄道略図 ： 昭和13年9月1日現在 ／ 満鉄北支事務局[編]．,,[1938]．,1枚 ； 38×54cm．,
MCJB15293-HTML,15293,最新中華民国略図 ／ 日華実業協会編．,,,1枚 ； 51×56cm．,
MCJB15294-HTML,15294,支那国民党組織系統図 ／ 外務省情報部[編]．,,[東京] ： 外務省情報部，1929．,1枚 ； 65×52cm．,
MCJB15300-HTML,15300,中華民国臨時政府組織大綱 ／ 同盟北支総局編．,,[出版地上明 ： 出版者上明]，1939．,1枚 ； ×cm．,
MCJB15301-HTML,15301,支那国民政府組織系統及重要職員表 ／ 外務省情報部[編]．,,[東京] ： 外務省情報部，1929．,1枚 ； 61×82cm．,
MCJB15304-HTML,15304,最近支那軍事機関及各種軍隊一覧表 ： 昭和五年二月初調 ／ 外務省情報部[編]．,,[東京] ： 外務省情報部，[1930]．,1枚 ； 70×85cm．,
MCJB15309-HTML,15309,中国国民党第一次全国代表大会宣言 ／ 国民政府軍事委員会総政治部[編]．,,[出版地上明] ： 国民政府軍事委員会総政治部（印），1927．,18p ； 25cm．,
MCJB15313-HTML,15313,国民党の組織と陣容 ／ 本社調査部著．,,1926,pp. 124-136 ； 27cm．,
MCJB15319-HTML,15319,全支軍隊配置表 ： 昭和六年二月現在 ／ 日本電報通信社北平支社[編]．,,[1931]．,15p ； 23cm．,
MCJBQ1487-HTML,Q1487,中国共産青年団ノ過去及現在．,,[上海] ： 満鉄上海事務所，[出版年上明]．,122p ； 28cm．,
